fish,SAMPLE,strain,unsegmented_psm_area,intercept,std_error,t-value,p-value,mean,sd,sem,median,IQR,Date_of_imaging,Microscope,reporter_geno
KC1,1,Kaga/Cab_F2,26846,56.67,0.26,220.3,6.67e-47,57.9,0.97,0.18,58.09,1.73,11_11_20,AU,-1
KC2,2,Kaga/Cab_F2,29842,60.26,0.86,70.9,3.84e-33,58.14,2.65,0.49,57.79,3.32,11_11_20,AU,0
KC3,3,Kaga/Cab_F2,27968,58.6,0.18,320.32,1.89e-51,60.91,1.4,0.26,60.2,2.04,19_11_20,AU,NA
KC4,4,Kaga/Cab_F2,23456,55.14,0.37,148.2,4.38e-42,57.79,1.79,0.33,58.39,1.96,19_11_20,AU,-1
KC5,5,Kaga/Cab_F2,27914,56.67,0.13,444.06,2.02e-55,60.52,2.24,0.42,60.2,4.07,19_11_20,AU,NA
KC6,6,Kaga/Cab_F2,22744,60.7,0.23,269.97,2.27e-49,62.91,1.39,0.26,63.52,1.66,19_11_20,AU,-1
KC7,7,Kaga/Cab_F2,24776,60.52,0.23,256.6,9.4e-49,62.39,1.23,0.23,62.46,1.51,19_11_20,AU,NA
KC8,8,Kaga/Cab_F2,24638,55.08,0.06,902.99,4.73e-64,57.89,1.6,0.3,57.94,2.94,19_11_20,AU,-1
KC9,9,Kaga/Cab_F2,26466,56.7,0.14,399.97,3.78e-54,58.39,0.99,0.18,58.09,1.05,19_11_20,AU,-1
KC10,10,Kaga/Cab_F2,24140,58.3,0.18,312.97,3.86e-51,62.27,2.3,0.43,61.86,4.37,19_11_20,AU,-1
KC11,11,Kaga/Cab_F2,27456,62.74,0.28,224.74,3.8e-47,62.71,0.73,0.14,62.91,1.13,19_11_20,AU,-1
KC12,12,Kaga/Cab_F2,23533,65.58,0.16,394.85,5.41e-54,65.68,0.44,0.08,65.63,0.6,25_11_20,DB,0
KC13,13,Kaga/Cab_F2,23908,61.65,0.3,174.96,4.23e-44,65.05,2.14,0.4,63.82,2.56,25_11_20,DB,-1
KC14,14,Kaga/Cab_F2,28753,56.85,0.4,139.1,2.51e-41,58.61,3.21,0.54,57.79,1.58,25_11_20,DB,0
KC15,15,Kaga/Cab_F2,25419,61.99,0.11,546.99,5.89e-58,64.95,1.71,0.36,64.72,2.56,25_11_20,DB,-1
KC16,16,Kaga/Cab_F2,22401,60.5,0.158,381,1.47e-53,62.26,1.06,0.2,61.86,1.73,25_11_20,DB,0
KC17,17,Kaga/Cab_F2,25777,60.45,0.32,183.49,1.11e-44,61.01,0.92,0.17,60.65,1.51,25_11_20,DB,-1
KC18,18,Kaga/Cab_F2,26275,63.79,0.07,800.64,1.37e-62,66.62,1.62,0.3,66.83,2.56,25_11_20,DB,-1
KC19,19,Kaga/Cab_F2,25319,58.3,0.18,309.29,5.04e-51,60.09,1.11,0.21,59.6,1.5,25_11_20,DB,NA
KC20,20,Kaga/Cab_F2,25415,60.11,0.24,249,1.97e-48,62.1,1.29,0.24,61.41,2.03,25_11_20,DB,0
KC21,21,Kaga/Cab_F2,24936,59.7,0.2,294.46,1.99e-50,60.46,0.66,0.12,60.5,1.21,27_11_20,DB,0
KC22,22,Kaga/Cab_F2,20481,63.01,0.59,105.59,4.11e-30,64.59,1.62,0.35,64.12,1.66,27_11_20,DB,-1
KC23,23,Kaga/Cab_F2,21788,NA,NA,NA,NA,NA,NA,NA,NA,NA,NA,NA,NA
KC24,24,Kaga/Cab_F2,24287,62.01,0.11,533.1,1.2e-57,65.22,1.84,0.34,64.88,3.16,27_11_20,DB,-1
KC25,25,Kaga/Cab_F2,27251,59.9,0.592,101.1,1.89e-37,65.06,3.32,0.62,63.06,4.68,27_11_20,DB,0
KC26,26,Kaga/Cab_F2,24241,58.58,0.29,198.12,1.27e-45,62.04,2.12,0.39,60.95,3.55,27_11_20,DB,NA
KC27,27,Kaga/Cab_F2,22876,60.67,0.07,843.2,3.21e-63,65.32,2.64,0.49,65.18,4.6,27_11_20,DB,0
KC28,28,Kaga/Cab_F2,23902,59.78,0.091,659.92,3.07e-60,62.39,1.5,0.28,62.16,2.64,27_11_20,DB,NA
KC29,29,Kaga/Cab_F2,21155,61.89,0.18,343.16,2.75e-52,63.75,1.16,0.21,63.67,2.34,27_11_20,DB,-1
KC30,30,Kaga/Cab_F2,21114,63.82,0.125,509.14,4.39e-57,68.17,2.49,0.46,67.89,3.77,27_11_20,DB,-1
KC31,31,Kaga/Cab_F2,24515,47.12,0.422,111.67,1.2e-38,54.49,4.33,0.8,53.57,8.9,28_11_20,AU,-1
KC32,32,Kaga/Cab_F2,24845,53.33,0.194,274.35,1.45e-49,58.59,3.03,0.56,58.39,6.18,28_11_20,AU,0
KC33,33,Kaga/Cab_F2,23820,59.34,0.44,133.17,8.75e-41,60.41,1.32,0.24,60.2,2.03,28_11_20,AU,0
KC34,34,Kaga/Cab_F2,21053,57.34,0.19,298.71,1.33e-50,60.15,1.67,0.31,60.2,3.17,28_11_20,AU,0
KC35,35,Kaga/Cab_F2,23518,57.65,0.102,562.9,2.64e-58,60.82,1.82,0.34,60.65,2.64,28_11_20,AU,-1
KC36,36,Kaga/Cab_F2,20211,61.7,0.294,209.46,2.69e-46,61.01,0.87,0.16,60.8,0.61,28_11_20,AU,-1
KC37,37,Kaga/Cab_F2,24310,60.6,0.145,416.65,1.202e-54,66,3.08,0.57,65.93,5.88,28_11_20,AU,0
KC38,38,Kaga/Cab_F2,19403,57.088,0.075,756.53,6.71e-62,62.72,3.21,0.6,62.46,5.5,28_11_20,AU,-1
KC39,39,Kaga/Cab_F2,25115,58.2,0.196,295.92,7.18e-46,68.61,5.92,1.16,68.94,10.7,28_11_20,AU,NA
KC40,40,Kaga/Cab_F2,20994,53.07,0.097,547.12,5.85e-58,57.46,2.5,0.46,57.64,4.67,28_11_20,AU,0
KC41,41,Kaga/Cab_F2,26093,53.16,0.51,102.86,1.18e-37,53.8,1.4,0.26,53.87,2.65,29_11_20,AU,-1
KC42,42,Kaga/Cab_F2,25009,50.92,0.29,174.6,4.48e-44,55.8,2.87,0.53,56.58,5.95,29_11_20,AU,0
KC43,43,Kaga/Cab_F2,26813,52.98,0.57,92.2,3.45e-33,55.53,2.03,0.4,55.98,2.87,29_11_20,AU,-1
KC44,44,Kaga/Cab_F2,25425,54.1,0.086,625.85,1.42e-59,55.58,0.87,0.16,55.83,1.73,29_11_20,AU,0
KC45,45,Kaga/Cab_F2,27774,59.42,1.91,31.01,3.13e-23,68.79,7.32,1.36,72.71,14.09,29_11_20,AU,-1
KC46,46,Kaga/Cab_F2,24408,54.46,0.134,403.54,2.94e-54,56.25,1.07,0.2,55.98,1.73,29_11_20,AU,-1
KC47,47,Kaga/Cab_F2,27211,53.48,0.143,373.8,2.5e-53,54.46,0.67,0.12,54.17,1.13,29_11_20,AU,-1
KC48,48,Kaga/Cab_F2,27395,54.84,0.07,783.13,2.55e-62,56.59,1.01,0.19,56.28,1.74,29_11_20,AU,-1
KC49,49,Kaga/Cab_F2,28132,56.79,0.142,399.33,3.94e-54,57.64,0.61,0.11,57.79,0.83,29_11_20,AU,-1
KC50,50,Kaga/Cab_F2,26204,53.09,0.104,507.45,481e55,55.18,1.22,0.23,54.92,2.41,29_11_20,AU,0
KC51,51,Kaga/Cab_F2,28370,55.36,0.11,472.08,3.64e-56,55.78,0.39,0.07,55.68,0.23,1_12_20,AU,0
KC52,52,Kaga/Cab_F2,25836,58.59,0.1,553.48,4.24e-58,60.33,1.03,0.19,60.2,1.73,1_12_20,AU,NA
KC53,53,Kaga/Cab_F2,24347,56.09,0.14,398.43,4.2e-54,56.39,0.41,0.08,56.28,0.83,1_12_20,AU,-1
KC54,54,Kaga/Cab_F2,24132,54.56,0.166,330.53,7.85e-52,56.4,1.13,0.21,55.83,1.66,1_12_20,AU,-1
KC55,55,Kaga/Cab_F2,25723,54.88,0.248,221.1,6.11e-47,55.68,0.79,0.15,55.68,0.9,1_12_20,AU,0
KC56,56,Kaga/Cab_F2,25576,53.94,0.084,640.99,6.95e-60,55.39,0.85,0.16,55.23,1.06,2_12_20,DB,NA
KC57,57,Kaga/Cab_F2,19634,66.88,0.194,344.272,2.52e-52,69.51,1.58,0.29,68.94,1.96,2_12_20,DB,0
KC58,58,Kaga/Cab_F2,21337,67.5,0.19,355.33,1.03e-52,66.67,0.69,0.13,66.53,0.83,2_12_20,DB,0
KC59,59,Kaga/Cab_F2,26114,69.85,0.09,755.71,3.33e-62,68.5,0.8,0.15,68.79,1.81,2_12_20,DB,0
KC60,60,Kaga/Cab_F2,26134,69.73,0.17,408.57,2.45e-49,70.42,0.58,0.11,70.45,1.06,2_12_20,DB,-1
KC61,61,Kaga/Cab_F2,20793,65.33,0.197,330.972,7.56e-52,69.53,2.44,0.45,69.85,3.24,2_12_20,DB,-1
KC62,62,Kaga/Cab_F2,25289,55.51,0.22,246.05,3.04e-48,56.47,0.8,0.15,56.28,0.52,3_12_20,AU,-1
KC63,63,Kaga/Cab_F2,28316,55.68,0.143,387.93,8.87e-52,57.73,1.22,0.23,58.09,1.42,3_12_20,AU,-1
KC64,64,Kaga/Cab_F2,23991,58.22,0.094,619.22,1.83e-59,61.26,1.74,0.32,61.26,3.31,3_12_20,AU,-1
KC65,65,Kaga/Cab_F2,23878,64.41,0.0735,875.78,1.11e-63,66.31,1.09,0.2,66.08,1.81,3_12_20,AU,-1
KC66,66,Kaga/Cab_F2,25453,66.84,0.272,244.88,3.47e-48,68.86,1.35,0.25,69.55,2.03,3_12_20,AU,0
KC67,67,Kaga/Cab_F2,23797,62.27,0.106,586.97,8.18e-59,64.33,1.2,0.22,64.12,2.11,3_12_20,AU,-1
KC68,68,Kaga/Cab_F2,23322,65.68,0.18,363.26,5.58e-53,66.99,0.88,0.16,67.44,1.43,3_12_20,AU,0
KC69,69,Kaga/Cab_F2,21899,58.58,0.134,435.45,3.49e-55,60.94,1.38,0.26,60.95,2.94,3_12_20,AU,-1
KC70,70,Kaga/Cab_F2,24933,62.41,0.126,493.4,1.057e-56,63.9,0.91,0.17,63.52,1.42,3_12_20,AU,0
KC71,71,Kaga/Cab_F2,21264,59.82,0.21,283.73,5.63e-50,62.43,1.58,0.29,63.06,2.64,3_12_20,AU,0
KC72,72,Kaga/Cab_F2,20247,61.57,0.035,1722.26,6.6e-72,62.86,0.74,0.14,62.91,1.13,8_12_20,AU,-1
KC73,73,Kaga/Cab_F2,26441,60.45,0.101,595.89,5.36e-59,63,1.47,0.27,62.76,2.63,8_12_20,AU,-1
KC74,74,Kaga/Cab_F2,22173,55.63,0.29,186.15,7.47e-45,58.81,1.97,0.37,57.94,2.33,8_12_20,AU,-1
KC75,75,Kaga/Cab_F2,23330,54.21,0.708,76.56,4.5e-34,60.7,4.13,0.77,58.24,4.9,8_12_20,AU,-1
KC76,76,Kaga/Cab_F2,26432,56.35,0.11,489.39,1.32e-56,59.12,1.59,0.29,59.14,2.56,8_12_20,AU,0
KC77,77,Kaga/Cab_F2,27135,58.63,0.418,139.96,2.17e-41,56.42,1.67,0.31,56.88,1.36,8_12_20,AU,-1
KC78,78,Kaga/Cab_F2,26738,57.15,0.26,219.75,2.93e-38,63.44,3.61,0.75,62.91,5.66,8_12_20,AU,-1
KC79,79,Kaga/Cab_F2,26331,55.9,0.283,197.61,1.4e-45,59.45,2.12,0.39,58.54,3.54,11_12_20,AU,-1
KC80,80,Kaga/Cab_F2,24921,57.32,0.25,221.76,5.57e-47,57.21,0.68,0.13,57.19,0.53,11_12_20,AU,-1
KC81,81,Kaga/Cab_F2,27994,56.9,0.43,131.16,1.33e-40,58.49,1.44,0.27,58.24,3.01,11_12_20,AU,0
KC82,82,Kaga/Cab_F2,24789,57.96,0.06,842.74,3.27e-63,57.9,0.18,0.03,57.79,0.3,11_12_20,AU,-1
KC83,83,Kaga/Cab_F2,24504,61.08,0.55,110.42,1.64e-38,65.67,2.98,0.55,66.83,2.87,11_12_20,AU,-1
KC84,84,Kaga/Cab_F2,22838,58.79,0.22,266.02,3.42e-49,63.23,2.58,0.48,62.46,4.38,11_12_20,AU,0
KC85,85,Kaga/Cab_F2,31162,63.46,0.191,331.98,6.94e-52,63.71,0.52,0.1,63.67,0.9,11_12_20,AU,0
KC86,86,Kaga/Cab_F2,24919,58.17,0.092,630.59,1.099e-59,62.27,2.34,0.43,62.46,3.77,11_12_20,AU,0
KC87,87,Kaga/Cab_F2,25532,55.91,0.082,676.12,1.56e-60,58.05,1.23,0.23,57.94,2.11,11_12_20,AU,0
KC88,88,Kaga/Cab_F2,21819,59.33,0.078,796.91,1.56e-62,62.36,1.73,0.32,62.46,2.56,12_12_20,AU,-1
KC89,89,Kaga/Cab_F2,31265,58.61,0.189,309.37,5e-51,61.93,1.95,0.36,62.16,2.57,12_12_20,AU,NA
KC90,90,Kaga/Cab_F2,26913,59.18,0.185,318.25,2.26e-51,60.16,0.74,0.14,60.2,0.6,12_12_20,AU,0
KC91,91,Kaga/Cab_F2,21398,55.74,0.245,226.14,3.22e-47,58.22,1.55,0.29,58.69,1.96,12_12_20,AU,-1
KC92,92,Kaga/Cab_F2,25687,58.92,0.142,413.037,1.53e-54,61.87,1.71,0.32,62.31,2.27,12_12_20,AU,0
KC93,93,Kaga/Cab_F2,27929,54.3,0.05,934.97,1.78e-64,56.95,1.51,0.28,57.19,2.63,12_12_20,AU,-1
KC94,94,Kaga/Cab_F2,23110,61.84,0.107,572.94,1.61e-58,63.86,1.18,0.22,63.67,1.73,12_12_20,AU,-1
KC95,95,Kaga/Cab_F2,24117,65.02,1.071,60.69,2.9e-31,68.03,3.29,0.61,68.64,3.16,12_12_20,AU,-1
KC96,96,Kaga/Cab_F2,28174,57.08,0.264,215.44,1.25e-46,59.65,1.61,0.3,58.84,2.33,12_12_20,AU,0
KC97,97,Kaga/Cab_F2,23661,59.76,0.19,314.06,3.28e-51,62.49,1.63,0.3,62.46,3.55,12_12_20,AU,-1
KC98,98,Kaga/Cab_F2,26191,60.66,0.048,1250.48,5.2e-68,62.65,1.14,0.21,62.61,1.74,13_12_20,AU,-1
KC99,99,Kaga/Cab_F2,26484,63.75,0.11,575.24,1.44e-58,65.18,0.86,0.16,65.03,1.06,13_12_20,AU,0
KC100,100,Kaga/Cab_F2,26729,60.63,0.08,755.22,7.05e-62,61.24,0.4,0.07,61.41,0.91,13_12_20,AU,0
KC101,101,Kaga/Cab_F2,26357,61.3846,0.261453482180831,234.782109184318,2.23322258431078e-40,67.56,3.55,0.72,66.83,6.33,12_12_20,AU,-1
KC102,102,Kaga/Cab_F2,30212,58.3968735632184,0.0651865855080701,895.841883848768,5.9157994751637e-64,60.88,1.42,0.26,60.8,2.63,12_12_20,AU,0
KC103,103,Kaga/Cab_F2,26821,63.4929655172414,0.218029256001825,291.213054071559,2.72177959244795e-50,66.7,1.91,0.35,67.29,2.56,13_12_20,AU,0
KC104,104,Kaga/Cab_F2,27629,60.6685517241379,0.13739353423302,441.567735067096,2.36552429204762e-55,62.06,0.87,0.16,61.86,1.73,13_12_20,AU,-1
KC105,105,Kaga/Cab_F2,31511,56.0480229885057,0.282048441037098,198.717719489659,1.20200430205057e-45,59.13,1.9,0.35,58.24,3.84,13_12_20,AU,-1
KC106,106,Kaga/Cab_F2,26702,59.2104187192118,0.280387036180664,211.173881381093,5.45678529351307e-45,61.93,1.7,0.32,61.11,3.02,13_12_20,AU,-1
KC107,107,Kaga/Cab_F2,26271,53.2991954022989,0.3167359651501,168.276423477961,1.25961039032394e-43,55.67,1.58,0.29,54.92,3.25,14_12_20,AU,-1
KC108,108,Kaga/Cab_F2,24354,58.9667126436782,0.263403082729601,223.864929873319,4.28355187739679e-47,62.52,2.13,0.4,63.22,3.92,14_12_20,AU,-1
KC109,109,Kaga/Cab_F2,27966,57.2916551724138,0.232795017441389,246.103442428007,3.02471797738636e-48,58.84,1.07,0.2,59.3,1.43,14_12_20,AU,-1
KC110,110,Kaga/Cab_F2,31005,57.2445057471264,0.145423127777172,393.641002102779,5.89964006042235e-54,57.81,0.5,0.09,57.49,0.3,14_12_20,AU,0
KC111,111,Kaga/Cab_F2,26828,57.0791264367816,0.138910215850965,410.906613938468,1.7738397954235e-54,58.75,1.02,0.19,59.14,1.73,14_12_20,AU,0
KC112,112,Kaga/Cab_F2,25549,60.4400689655172,0.149021492946783,405.579542724761,2.55603713809073e-54,62.83,1.41,0.26,62.31,2.04,14_12_20,AU,0
KC113,113,Kaga/Cab_F2,22191,64.4550574712643,0.0973299748352512,662.232344972515,2.79274026452363e-60,62.88,0.93,0.17,62.76,1.81,14_12_20,AU,-1
KC114,114,Kaga/Cab_F2,31468,55.8391264367816,0.29048435047745,192.227658202594,3.04368856418142e-45,59.21,2.06,0.38,60.05,3.16,14_12_20,AU,-1
KC115,115,Kaga/Cab_F2,NA,55.5985517241379,0.113319666552719,490.634621645946,1.23817983318524e-56,57.2,0.95,0.18,57.49,1.73,14_12_20,AU,0
KC116,116,Kaga/Cab_F2,30582,59.8239770114942,0.335801275564239,178.152917706978,2.55453293688959e-44,63.56,2.3,0.43,64.57,3.77,14_12_20,AU,-1
KC117,117,Kaga/Cab_F2,27529,63.584367816092,0.22420971507403,283.593276924229,5.7169544783681e-50,64.53,0.8,0.15,64.42,0.75,14_12_20,DB,0
KC118,118,Kaga/Cab_F2,29429,62.1612183908046,0.313028957006826,198.579770335589,1.22558875002962e-45,64.45,1.54,0.29,64.72,0.61,14_12_20,DB,0
KC119,119,Kaga/Cab_F2,26938,60.4271954022988,0.100884624856729,598.97328743715,4.64332697611936e-59,62.44,1.18,0.22,62.16,2.11,14_12_20,DB,0
KC120,120,Kaga/Cab_F2,24498,65.0496781609195,0.436970939173695,148.864998399957,3.88224123562169e-42,65.68,1.2,0.22,65.78,1.81,14_12_20,DB,-1
KC121,121,Kaga/Cab_F2,25743,NA,NA,NA,NA,NA,NA,NA,NA,NA,NA,NA,NA
KC122,122,Kaga/Cab_F2,25823,62.6733793103448,0.118875618806004,527.218112005145,1.65339128255737e-57,65.09,1.41,0.26,64.88,2.93,14_12_20,DB,-1
KC123,123,Kaga/Cab_F2,21631,61.8470574712643,0.358369268867215,172.579132320021,6.21586980821997e-44,60.51,1.21,0.22,60.5,0.61,15_12_20,AU,-1
KC124,124,Kaga/Cab_F2,24401,59.1521149425287,0.0837548237171589,706.253231960539,4.60759399042766e-61,59.04,0.23,0.04,58.99,0.31,15_12_20,AU,0
KC125,125,Kaga/Cab_F2,22012,56.1354712643678,0.148715972633137,377.467667194342,1.90945125925046e-53,58.16,1.21,0.23,58.24,2.65,15_12_20,AU,-1
KC126,126,Kaga/Cab_F2,22675,62.0667586206896,0.260327624765377,238.417873157441,7.3504780498506e-48,65.1,1.86,0.34,65.93,3.16,15_12_20,AU,0
KC127,127,Kaga/Cab_F2,22501,57.3069655172414,0.212700896701484,269.425124228175,2.39973587180773e-49,56.52,0.71,0.13,56.28,0.6,15_12_20,AU,-1
KC128,128,Kaga/Cab_F2,24739,63.2543448275862,0.0834246261400144,758.221495909664,6.31131466460098e-62,66.55,1.89,0.35,66.83,2.94,15_12_20,AU,0
KC129,129,Kaga/Cab_F2,24358,60.5891264367816,0.106579660242952,568.486766599431,2.00455239832775e-58,62.11,0.91,0.17,62.16,1.5,15_12_20,AU,0
KC130,130,Kaga/Cab_F2,28517,61.7480229885057,0.0682805353539312,904.328337035374,4.54321763315563e-64,63.6,1.07,0.2,63.82,1.81,15_12_20,AU,-1
KC131,131,Kaga/Cab_F2,26813,57.2471954022988,0.222818166684677,256.923375028539,9.0719947301643e-49,62.41,2.99,0.56,61.86,5.88,15_12_20,AU,-1
KC132,132,Kaga/Cab_F2,26254,57.1705517241379,0.17226354702580499,331.87840788843,7.01117474421684e-52,60.95,2.19,0.41,60.95,4.15,16_12_20,AU,-1
KC133,133,Kaga/Cab_F2,29277,56.2150574712643,0.147651545067048,380.72786468802,1.50089704440768e-53,57.67,0.91,0.17,58.24,1.43,16_12_20,AU,0
KC134,134,Kaga/Cab_F2,31744,56.6085747126436,0.0813731361206138,695.666621828814,7.03273055644209e-61,57.33,0.46,0.09,57.19,0.53,16_12_20,AU,NA
KC135,135,Kaga/Cab_F2,24155,58.7486436781609,0.252457906757216,232.706689335971,1.44880580859967e-47,61.13,1.5,0.28,61.41,3.01,16_12_20,AU,-1
KC136,136,Kaga/Cab_F2,25250,61.8254482758621,0.104097295235232,593.919833710889,5.8864160290297e-59,64.56,1.58,0.29,64.88,2.56,16_12_20,AU,-1
KC137,137,Kaga/Cab_F2,30553,60.0731034482759,0.126601427933791,474.505733692771,3.15649281122363e-56,60.4,0.38,0.07,60.2,0.6,16_12_20,AU,-1
KC138,138,Kaga/Cab_F2,29312,58.8858390804598,0.227597808680213,258.727618784755,7.45831255110592e-49,61.76,1.74,0.32,62.61,2.64,16_12_20,AU,-1
KC139,139,Kaga/Cab_F2,28510,62.7057931034483,0.293256564973294,213.825709610827,1.54675164319237e-46,63.88,1.02,0.19,64.12,0.9,16_12_20,AU,-1
KC140,140,Kaga/Cab_F2,28477,49.0362528735632,0.447248224128592,109.639905153574,2.00401113816235e-38,56.19,4.23,0.79,57.79,6.11,16_12_20,AU,-1
KC141,141,Kaga/Cab_F2,24349,55.8074022988505,0.0610488777208041,914.14296842729,3.35818257493454e-64,59.05,1.85,0.34,58.99,3.23,16_12_20,AU,0
KC142,142,Kaga/Cab_F2,25949,69.7975396825397,0.20418404391776,341.836405741147,5.06342830019331e-49,66.74,1.81,0.35,67.14,1.73,16_12_20,DB,-1
KC143,143,Kaga/Cab_F2,26625,61.5679540229885,0.356113200257403,172.888716224185,5.91190366266606e-44,63.72,1.54,0.29,64.12,2.95,16_12_20,DB,0
KC144,144,Kaga/Cab_F2,28741,58.5809655172414,0.130845354030405,447.711467872438,1.60666597635216e-55,60.84,1.33,0.25,60.35,1.81,16_12_20,DB,0
KC145,145,Kaga/Cab_F2,26214,64.3821379310345,0.342288336835758,188.093285696519,5.59235498055053e-45,66.83,1.65,0.31,66.23,2.86,16_12_20,DB,-1
KC146,146,Kaga/Cab_F2,25584,63.8455172413794,0.13268329197844,481.187316725255,2.13397420015274e-56,63.71,0.36,0.07,63.82,0.3,16_12_20,DB,-1
KC147,147,Kaga/Cab_F2,26424,61.7927586206896,0.131269813018138,470.730910633289,3.94746203340262e-56,61.95,0.36,0.07,62.01,0.6,16_12_20,DB,-1
KC148,148,Kaga/Cab_F2,30298,61.1681379310345,0.302111405964903,202.468813567868,7.12288099103167e-46,63.32,1.45,0.27,64.12,2.56,16_12_20,DB,-1
KC149,149,Kaga/Cab_F2,23366,59.9453333333333,0.0684992551770762,875.123870739466,1.13902944046206e-63,63.41,1.97,0.37,63.37,3.54,16_12_20,DB,0
KC150,150,Kaga/Cab_F2,28883,62.0708505747126,0.189987243989212,326.710621573294,1.08788752669861e-51,64.16,1.29,0.24,64.57,2.42,16_12_20,DB,0
KC151,151,Kaga/Cab_F2,26434,63.1577471264368,0.316051700287091,199.833593899562,1.02768277230885e-45,69.41,3.65,0.68,70.3,5.88,16_12_20,DB,0
KC152,152,Kaga/Cab_F2,25810,59.0801379310345,0.152552271079231,387.277996670073,9.31023180594178e-54,59.46,0.45,0.08,59.3,0.61,5_1_21,AU,-1
KC153,153,Kaga/Cab_F2,27206,54.5135862068965,0.382372704490873,142.566625615919,1.30048426817565e-41,61.58,4.14,0.77,60.95,8.81,5_1_21,AU,0
KC154,154,Kaga/Cab_F2,26126,56.0596781609196,0.14870246402243,376.992261220794,1.97801998739242e-53,56.85,0.59,0.11,57.19,1.13,5_1_21,AU,-1
KC155,155,Kaga/Cab_F2,25587,57.5796091954023,0.172258094763518,334.263590192668,5.7375954088684e-52,56.95,0.58,0.11,56.73,0.3,5_1_21,AU,NA
KC156,156,Kaga/Cab_F2,27793,56.6788735632184,0.269476953679917,210.329205482043,2.45351961086222e-46,58.22,1.13,0.21,58.39,2.11,5_1_21,AU,0
KC157,157,Kaga/Cab_F2,25748,56.933448275862,0.0920030372441815,618.821399610507,1.86396553996159e-59,60.29,1.92,0.36,60.05,3.47,5_1_21,AU,-1
KC158,158,Kaga/Cab_F2,25511,63.5980689655172,0.284955113660682,223.186270105854,4.66342005305764e-47,65.19,1.17,0.22,65.63,1.21,5_1_21,AU,NA
KC159,159,Kaga/Cab_F2,23238,55.8279770114942,0.391425241685527,142.627431923122,1.28506950207815e-41,57.66,1.46,0.27,57.19,0.53,5_1_21,AU,0
KC160,160,Kaga/Cab_F2,25113,57.0827816091954,0.392246312627943,145.527898597074,7.31873409042729e-42,59.19,1.58,0.29,58.69,2.04,5_1_21,AU,NA
KC161,161,Kaga/Cab_F2,25875,57.9624137931034,0.149568565158776,387.530720319292,9.14174651877118e-54,58.01,0.39,0.07,58.09,0.6,5_1_21,AU,0
KC162,162,Kaga/Cab_F2,23897,62.199908045977,0.223313234005412,278.532118004567,9.46385117092509e-50,63.78,1.07,0.2,64.12,2.04,5_1_21,DB,0
KC163,163,Kaga/Cab_F2,21074,58.3173333333333,0.182879264631444,318.884338532638,2.14461429420346e-51,62.08,2.19,0.41,62.16,4.67,5_1_21,DB,0
KC164,164,Kaga/Cab_F2,25974,62.2010804597701,0.134036502046159,464.060755915201,5.88622606373464e-56,62.76,0.47,0.09,62.61,0.83,5_1_21,DB,0
KC165,165,Kaga/Cab_F2,27043,58.7161149425287,0.128159678646122,458.148113063371,8.42844454767445e-56,58.95,0.36,0.07,58.99,0.61,5_1_21,DB,0
KC166,166,Kaga/Cab_F2,24552,58.6354942528736,0.468634022114943,125.120011535338,5.00085345801883e-40,62.47,2.5,0.46,61.11,3.09,5_1_21,DB,NA
KC167,167,Kaga/Cab_F2,23525,58.6592413793104,0.298213185005785,196.702373767184,1.59873347532571e-45,61.82,1.96,0.36,61.26,2.33,5_1_21,DB,-1
KC168,168,Kaga/Cab_F2,28249,59.9721149425288,0.154352765136558,388.539297559525,8.50017824781179e-54,62.05,1.25,0.23,61.56,2.65,6_1_21,AU,-1
KC169,169,Kaga/Cab_F2,27510,63.889724137931,0.111846788743418,571.22537764135,1.75219538894303e-58,67.55,2.1,0.39,67.89,3.77,6_1_21,AU,0
KC170,170,Kaga/Cab_F2,22480,62.3600919540229,0.112206136563075,555.76364951277,3.77780939650692e-58,64,0.98,0.18,64.27,2.04,6_1_21,AU,-1
KC171,171,Kaga/Cab_F2,24609,64.7596551724138,0.225017775642816,287.797952794674,3.78664440907796e-50,66,0.92,0.17,66.23,1.5,6_1_21,AU,-1
KC172,172,Kaga/Cab_F2,NA,56.5147126436782,0.199449288746376,283.353793833496,5.85375376903451e-50,62.47,3.42,0.64,63.22,5.88,6_1_21,AU,0
KC173,173,Kaga/Cab_F2,26103,59.5471264367816,0.103699841134343,574.22582122993,1.51314837352289e-58,62.91,1.93,0.36,62.76,3.16,6_1_21,AU,NA
KC174,174,Kaga/Cab_F2,23565,61.8426896551724,0.215884902636849,286.46139169445,4.31360948666718e-50,68.57,3.86,0.72,69.25,7,6_1_21,AU,-1
KC175,175,Kaga/Cab_F2,30001,58.7697701149425,0.148461407335628,395.858904813431,5.04097866448705e-54,61.12,1.39,0.26,60.95,1.81,6_1_21,AU,0
KC176,176,Kaga/Cab_F2,28381,57.6036781609195,0.32378430225609,177.907569204387,2.65494536322521e-44,57.92,0.87,0.16,57.64,1.2,6_1_21,AU,-1
KC177,177,Kaga/Cab_F2,29312,55.525816091954,0.353595612463174,157.031971367396,8.71686604064439e-43,59.35,2.36,0.44,58.84,2.93,6_1_21,DB,NA
KC178,178,Kaga/Cab_F2,24620,65.6781379310345,0.189420456350385,346.732022488345,2.05824608158052e-52,68.25,1.54,0.29,67.59,2.64,6_1_21,DB,NA
KC179,179,Kaga/Cab_F2,24393,63.2786436781609,0.184876805648485,342.274648548805,2.9566476441876e-52,68.28,2.88,0.54,68.49,5.58,6_1_21,DB,0
KC180,180,Kaga/Cab_F2,22778,63.0932183908046,0.201903054661764,312.492639086125,3.78004950009872e-51,66.03,1.75,0.33,66.68,3.24,6_1_21,DB,0
KC181,181,Kaga/Cab_F2,26392,66.6880459770115,0.161943414514024,411.798443160752,1.66937800450508e-54,67.64,0.69,0.13,67.44,1.2,6_1_21,DB,0
KC182,182,Kaga/Cab_F2,26715,65.3442528735632,0.344413843342943,189.725976863532,4.39112957489941e-45,70.91,3.29,0.61,71.96,5.28,6_1_21,DB,0
KC183,183,Kaga/Cab_F2,32151,66.9425287356322,0.211464281759781,316.566600177317,2.63046279647604e-51,63.45,2.06,0.38,63.67,4.45,6_1_21,DB,0
KC184,184,Kaga/Cab_F2,26141,64.2042528735632,0.558154084446655,115.029621143441,5.24325695203638e-39,68.51,2.85,0.53,70.15,4.37,6_1_21,AU,0
KC185,185,Kaga/Cab_F2,23721,60.3704137931034,0.305382526777457,197.687845569165,1.39010641701999e-45,64.83,2.65,0.49,65.78,4.98,7_1_21,AU,-1
KC186,186,Kaga/Cab_F2,21691,59.7774942528736,0.280490755478887,213.117520222064,1.69721998705534e-46,63.02,1.99,0.37,63.97,3.23,7_1_21,AU,-1
KC187,187,Kaga/Cab_F2,29457,62.3368735632184,0.138593303939944,449.782722477204,1.41190584697661e-55,65.65,1.92,0.36,66.08,3.54,7_1_21,AU,-1
KC188,188,Kaga/Cab_F2,23987,57.7886896551725,0.153701773052493,375.979330020066,2.13275744081551e-53,59.79,1.21,0.22,60.05,2.11,7_1_21,AU,0
KC189,189,Kaga/Cab_F2,25746,61.6504827586207,0.0691276310114106,891.835606928933,6.7067969270379e-64,64.82,1.81,0.34,64.72,2.56,7_1_21,AU,NA
KC190,190,Kaga/Cab_F2,20314,56.5349655172414,0.19382259939011,291.684074484279,2.60139680931807e-50,60.66,2.4,0.45,60.05,4.75,7_1_21,AU,0
KC191,191,Kaga/Cab_F2,21078,60.4360000000001,0.133179357037605,453.794051452998,1.10116200572911e-55,62.19,1.06,0.2,62.61,1.81,7_1_21,AU,0
KC192,192,Kaga/Cab_F2,26329,58.3154022988505,0.406211337063529,143.559268238076,1.07113029120959e-41,69.81,6.61,1.23,71.2,12.36,7_1_21,DB,0
KC193,193,Kaga/Cab_F2,22935,59.9597011494253,0.119143987378108,503.254108485901,6.08137396677803e-57,63.07,1.79,0.33,62.61,2.93,7_1_21,DB,0
KC194,194,Kaga/Cab_F2,26801,66.0809655172414,0.337390784273972,195.858833724342,1.80301612494534e-45,68.32,1.55,0.29,67.89,2.87,7_1_21,DB,-1
KC195,195,Kaga/Cab_F2,26899,62.0865057471264,0.347185207612579,178.828200009052,2.29797191573739e-44,66.31,2.57,0.48,65.63,4.97,7_1_21,DB,-1
KC196,196,Kaga/Cab_F2,21235,65.5948275862069,0.252717288013164,259.55813352504,6.81843102398069e-49,70,2.59,0.48,69.55,2.87,7_1_21,DB,0
KC197,197,Kaga/Cab_F2,26874,60.6494022988505,0.0602696964617068,1006.30011198721,2.28120112739094e-65,63.63,1.7,0.32,63.37,2.94,7_1_21,DB,0
KC198,198,Kaga/Cab_F2,25051,64.5021839080459,0.608279011868088,106.040456187947,5.09184302530266e-38,75.15,6.25,1.16,75.72,13.34,7_1_21,DB,-1
KC199,199,Kaga/Cab_F2,25178,60.5474022988506,0.0926813582175432,653.285660280601,4.08717821231586e-60,62.24,0.99,0.18,62.31,1.73,7_1_21,DB,-1
KC200,200,Kaga/Cab_F2,28889,51.9585057471264,0.480010123770972,108.244603965723,2.86610977246478e-38,54.44,1.89,0.35,54.32,3.55,8_1_21,AU,0
KC201,201,Kaga/Cab_F2,28596,63.208183908046,0.263472333042584,239.904445290769,6.1768312063351e-48,66.12,1.79,0.33,65.18,2.26,8_1_21,AU,-1
KC202,202,Kaga/Cab_F2,NA,58.996551724138,0.242470560061116,243.31428817283,4.1612555387954e-48,57.35,1.13,0.21,57.49,0.83,8_1_21,AU,-1
KC203,203,Kaga/Cab_F2,20280,54.4482068965517,0.408318708754254,133.347323375577,8.43118117993298e-41,58.57,2.58,0.48,59.9,4.29,8_1_21,AU,-1
KC204,204,Kaga/Cab_F2,31606,58.0033333333333,0.254156317920574,228.219128321885,2.49850753114723e-47,59.75,1.19,0.22,59.14,1.73,8_1_21,AU,0
KC205,205,Kaga/Cab_F2,23121,58.018091954023,0.197660592830472,293.523818396029,2.18158989208893e-50,59.17,0.83,0.15,59.3,1.43,8_1_21,AU,-1
KC206,206,Kaga/Cab_F2,21155,56.001632183908,0.254933819099057,219.671255786382,7.27171392313053e-47,59.65,2.18,0.4,58.84,3.54,8_1_21,AU,-1
KC207,207,Kaga/Cab_F2,25693,59.0001609195402,0.12623861329077599,467.370160219048,4.82431727436932e-56,61.24,1.31,0.24,61.71,2.03,8_1_21,AU,-1
KC208,208,Kaga/Cab_F2,24226,57.7209425287356,0.134767137169334,428.301318415703,5.55668932419753e-55,59.7,1.18,0.22,59.3,1.73,8_1_21,AU,0
KC209,209,Kaga/Cab_F2,26461,57.9489425287356,0.112753902151988,513.941792015525,3.37663020429417e-57,62.15,2.4,0.45,61.56,4.07,8_1_21,AU,-1
KC210,210,Kaga/Cab_F2,15986,58.2349195402299,0.322760331803413,180.42774716101,1.7912263920753e-44,60.18,1.39,0.26,60.8,1.43,9_1_21,AU,-1
KC211,211,Kaga/Cab_F2,20483,64.828344827586207,0.275145435525626,235.614829312872,1.02343343973804e-47,67.03,1.45,0.27,66.23,1.13,9_1_21,AU,NA
KC212,212,Kaga/Cab_F2,21846,57.8816781609196,0.192975417178452,299.943272605516,1.19061736426443e-50,61.08,1.88,0.35,61.56,2.56,9_1_21,AU,0
KC213,213,Kaga/Cab_F2,23146,56.3390804597701,0.170902519785031,329.656230526244,8.46187206787009e-52,62.72,3.65,0.68,62.46,5.58,9_1_21,AU,-1
KC214,214,Kaga/Cab_F2,24100,56.5718620689655,0.106803568946756,529.681382624655,1.4511032077786e-57,59.33,1.59,0.3,59.14,3.16,9_1_21,AU,0
KC215,215,Kaga/Cab_F2,27399,69.2805287356322,0.319040885848238,217.152508686889,1.00413463887333e-46,67.18,1.46,0.27,66.53,2.63,9_1_21,AU,-1
KC216,216,Kaga/Cab_F2,24640,58.6171264367816,0.170947452418845,342.895583451934,2.81037467802507e-52,60.92,1.39,0.26,60.2,1.73,9_1_21,AU,0
KC217,217,Kaga/Cab_F2,24994,60.2837011494252,0.149135279440487,404.221599178897,2.80765109407091e-54,62.87,1.52,0.28,63.37,2.94,9_1_21,AU,NA
KC218,218,Kaga/Cab_F2,22974,62.9197011494253,0.0917830705518064,685.52621710243,1.06089544476739e-60,65.83,1.67,0.31,65.48,2.87,9_1_21,AU,-1
KC219,219,Kaga/Cab_F2,20000,56.9705747126437,0.211217905909092,269.724171667358,2.32636968871526e-49,61.02,2.36,0.44,61.56,4.38,9_1_21,AU,0
KC220,220,Kaga/Cab_F2,26666,62.8030114942529,0.493504934960737,127.259135715126,3.11352620951705e-40,65,1.8,0.33,65.03,3.77,9_1_21,DB,-1
KC221,221,Kaga/Cab_F2,28194,56.4252873563219,0.140393369663206,401.908491061096,3.29698425937436e-54,61.3,2.79,0.52,61.86,4.45,9_1_21,DB,-1
KC222,222,Kaga/Cab_F2,23828,60.595908045977,0.130157774887341,465.557344526103,5.37883649772004e-56,62.49,1.13,0.21,62.31,1.13,9_1_21,DB,0
KC223,223,Kaga/Cab_F2,25676,63.5737241379311,0.145090729214117,438.165308578142,2.93748631991564e-55,65.15,0.97,0.18,65.33,0.76,9_1_21,DB,0
KC224,224,Kaga/Cab_F2,23274,62.7115632183908,0.15564100855165,402.924420767807,3.07200954404317e-54,65.59,1.68,0.31,65.78,3.62,9_1_21,DB,0
KC225,225,Kaga/Cab_F2,30325,59.1454482758621,0.18343225065385,322.437565177531,1.57266513269929e-51,61.58,1.46,0.27,62.16,2.63,9_1_21,DB,-1
KC226,226,Kaga/Cab_F2,22120,61.9610114942528,0.382005107594027,162.199432056027,3.52422376874447e-43,62.23,1.01,0.19,62.16,1.43,9_1_21,DB,0
KC227,227,Kaga/Cab_F2,26886,54.9131954022988,0.67064810282854,81.8807884055674,6.93593657130182e-35,59.83,3.3,0.61,58.54,3.54,10_1_21,AU,NA
KC228,228,Kaga/Cab_F2,23144,51.1563678160919,0.812879915888983,62.9322570482582,1.05885655840292e-31,57.98,4.42,0.82,56.88,3.69,10_1_21,AU,-1
KC229,229,Kaga/Cab_F2,22606,55.9193333333333,0.136151313684,410.714607301691,1.79720242776167e-54,57.14,0.78,0.14,57.03,1.21,10_1_21,AU,-1
KC230,230,Kaga/Cab_F2,27809,59.1960459770115,0.149662877438024,395.529252078724,5.15992999298209e-54,64.01,2.76,0.51,63.67,5.05,10_1_21,AU,-1
KC231,231,Kaga/Cab_F2,21789,57.5505287356322,0.131966606204449,436.099179867309,3.35307960485706e-55,59.73,1.28,0.24,59.75,2.64,10_1_21,AU,0
KC232,232,Kaga/Cab_F2,21744,66.1975172413793,0.123994353954524,533.87525423663806,1.16360388865785e-57,69.08,1.67,0.31,69.55,2.56,10_1_21,DB,0
KC233,233,Kaga/Cab_F2,23188,61.3907356321839,0.220516458347826,278.395254903609,9.59494519858404e-50,63.54,1.35,0.25,63.06,2.64,10_1_21,DB,0
KC234,234,Kaga/Cab_F2,26621,64.6055172413793,0.207196803498898,311.807499683377,4.01957980673269e-51,64.71,0.55,0.1,64.72,0.91,10_1_21,DB,-1
KC235,235,Kaga/Cab_F2,28374,67.1928735632184,0.116101303885806,578.743487922473,1.21504980985919e-58,70.07,1.66,0.31,70.3,2.94,10_1_21,DB,-1
KC236,236,Kaga/Cab_F2,28935,67.3328965517242,0.164588529771496,409.098353604621,2.00695188126936e-54,68.24,0.67,0.12,68.04,1.2,10_1_21,DB,0
KC237,237,Kaga/Cab_F2,26388,63.515908045977,0.0879329743143037,722.321842758879,2.4542586268131e-61,66.31,1.6,0.3,66.38,2.63,10_1_21,DB,0
KC238,238,Kaga/Cab_F2,26166,62.9113103448276,0.165097401346189,381.055727297065,1.46516185613545e-53,66.61,2.15,0.4,66.08,3.84,10_1_21,DB,0
KC239,239,Kaga/Cab_F2,25417,64.5901379310345,0.216409618799334,298.462417194707,1.3675376268897e-50,67.28,1.63,0.3,66.83,1.66,10_1_21,DB,NA
KC240,240,Kaga/Cab_F2,27468,65.9406206896552,0.184033273158984,358.308144814063,8.20782196989896e-53,67.33,0.92,0.17,66.83,1.44,10_1_21,DB,-1
KC241,241,Kaga/Cab_F2,25107,60.2488735632184,0.513576784615735,117.312299480782,3.02782957537604e-39,66.16,3.62,0.67,64.12,5.8,10_1_21,DB,1
KC242,242,Kaga/Cab_F2,23636,60.5278620689656,0.170472136609657,355.06014808485,1.05910102353045e-52,61.08,0.55,0.1,61.11,0.3,12_1_21,AU,0
KC243,243,Kaga/Cab_F2,21616,58.7184367816092,0.0592723915281727,990.654084772332,3.53762686544182e-65,60.35,0.94,0.17,60.35,1.73,12_1_21,AU,-1
KC244,244,Kaga/Cab_F2,19445,54.0851954022989,0.140902534987848,383.848277867843,1.19429371689233e-53,57.63,2.05,0.38,57.64,4.07,12_1_21,AU,-1
KC245,245,Kaga/Cab_F2,26459,58.7527816091954,0.630458373480238,93.1905801883001,1.87655340501876e-36,61.69,2.35,0.44,61.11,1.13,12_1_21,AU,0
KC246,246,Kaga/Cab_F2,29771,49.8332873563219,0.335818783957045,148.393388747117,4.24248725917026e-42,56.78,4.04,0.75,56.88,5.73,12_1_21,AU,NA
KC247,247,Kaga/Cab_F2,28513,58.8345287356322,0.257823961681631,228.196511883107,2.50544672685405e-47,60.63,1.23,0.23,59.9,1.43,12_1_21,AU,-1
KC248,248,Kaga/Cab_F2,25430,54.2436091954023,0.357947453504657,151.540704269032,2.35892648264344e-42,57.43,2.04,0.38,58.69,2.79,12_1_21,AU,-1
KC249,249,Kaga/Cab_F2,25139,55.1137011494253,0.127653526751859,431.744445702301,4.44083486653183e-55,56.64,0.93,0.17,56.28,1.74,12_1_21,AU,-1
KC250,250,Kaga/Cab_F2,31378,55.9115172413793,0.343814511841777,162.621167273794,3.27732105398486e-43,59.67,2.32,0.43,58.54,4.07,12_1_21,AU,0
KC251,251,Kaga/Cab_F2,26974,55.7510344827586,0.0822402391383843,677.904576480465,1.45083739863465e-60,55.81,0.22,0.04,55.68,0.3,13_1_21,AU,0
KC252,252,Kaga/Cab_F2,27960,60.3992413793103,0.877811509245182,68.8066182126579,8.8387801053373e-33,65.63,3.76,0.7,63.82,3.69,13_1_21,AU,-1
KC253,253,Kaga/Cab_F2,26317,58.812091954023,0.276346139560486,212.82038550479,1.76479401037076e-46,64.25,3.17,0.59,63.37,4.59,13_1_21,AU,0
KC254,254,Kaga/Cab_F2,25275,55.998321839080504,0.161106416404471,347.585919225538,1.92129387779181e-52,59.7,2.14,0.4,59.14,4.07,13_1_21,AU,0
KC255,255,Kaga/Cab_F2,24054,59.7354712643678,0.0669587630741525,892.123278893529,6.6465074168529193e-64,66.45,3.82,0.71,66.53,6.48,13_1_21,AU,0
KC256,256,Kaga/Cab_F2,24659,66.4383218390804,0.422476721649693,157.259130348416,8.37146729564336e-43,68.35,1.55,0.29,68.64,2.56,13_1_21,AU,-1
KC257,257,Kaga/Cab_F2,26474,55.7831724137931,0.759842370634597,73.4141376812202,1.45348186740618e-33,64.21,5.19,0.96,61.86,7.01,13_1_21,AU,NA
KC258,258,Kaga/Cab_F2,24762,57.4879310344827,0.210283172276504,273.383411578417,1.59541884183271e-49,58.71,0.89,0.16,58.69,1.73,13_1_21,AU,NA
KC259,259,Kaga/Cab_F2,26428,55.9065057471264,1.03994414231717,53.7591428925762,8.42095801647403e-30,70.31,8.62,1.6,74.07,15,20_1_21,AU,-1
KC260,260,Kaga/Cab_F2,30675,68.7483000000001,0.43798944501722,156.963371565489,2.33556498844855e-36,65.48,2.12,0.43,64.42,2.71,20_1_21,AU,0
KC261,261,Kaga/Cab_F2,27135,54.5748045977012,0.126891059526055,430.091803169907,4.94418194439463e-55,59.55,2.84,0.53,59.9,5.28,20_1_21,AU,-1
KC262,262,Kaga/Cab_F2,24343,58.7856781609195,0.442838220943652,132.747525802204,9.56367960223391e-41,64.18,3.28,0.61,62.76,4.6,20_1_21,AU,-1
KC263,263,Kaga/Cab_F2,25319,59.1393793103449,0.403172070170085,146.685208837497,5.8645691847002e-42,59.91,1.14,0.21,59.9,2.03,20_1_21,AU,0
KC264,264,Kaga/Cab_F2,28829,50.8051494252873,0.203981840618868,249.067021216927,2.16366522599518e-48,56.29,3.16,0.59,55.53,5.88,20_1_21,AU,-1
KC265,265,Kaga/Cab_F2,25455,57.533632183908,0.720101927356236,79.8965118662237,1.37465428421081e-34,68.34,6.42,1.19,66.08,11.69,20_1_21,AU,0
KC266,266,Kaga/Cab_F2,NA,57.5234022988506,0.370981980148804,155.057133167971,1.2419005090922e-42,63.04,3.28,0.61,61.86,6.18,20_1_21,AU,0
KC267,267,Kaga/Cab_F2,24297,54.6293103448276,0.188539497397887,289.749952125628,3.13388000817724e-50,63.48,5.05,0.94,64.12,9.05,20_1_21,AU,-1
KC268,268,Kaga/Cab_F2,27543,67.4540229885058,0.697697298281896,96.6809290427433,6.72316740704235e-37,75.91,5.14,0.95,74.07,7.61,20_1_21,AU,0
KC269,269,Kaga/Cab_F2,29249,58.1469885057471,0.166379255255326,349.484606217973,1.64954443527054e-52,62.77,2.66,0.49,63.22,4.15,21_1_21,AU,-1
KC270,270,Kaga/Cab_F2,23449,54.4662298850575,0.135887093600161,400.819742641056,3.55711151467018e-54,57.93,2,0.37,58.24,2.95,21_1_21,AU,0
KC271,271,Kaga/Cab_F2,25143,56.3353333333333,0.188177858900838,299.372804337303,1.25578438462715e-50,58.37,1.26,0.23,58.09,0.9,21_1_21,AU,-1
KC272,272,Kaga/Cab_F2,26074,54.3969425287357,0.129261593540981,420.828345362225,9.09552821293149e-55,56.24,1.1,0.2,55.83,1.2,21_1_21,AU,-1
KC273,273,Kaga/Cab_F2,24603,53.4450344827586,0.0598786028671501,892.556471321394,6.55677711381457e-64,56.57,1.78,0.33,56.73,2.86,21_1_21,AU,0
KC274,274,Kaga/Cab_F2,28975,63.2754942528736,0.541719642104165,116.804873471261,3.41774673924437e-39,69.8,3.97,0.74,71.36,6.41,21_1_21,AU,-1
KC275,275,Kaga/Cab_F2,24404,54.9975172413793,0.182077832787951,302.054986042314,9.78329065183655e-51,58.79,2.21,0.41,57.94,3.53,21_1_21,AU,-1
KC276,276,Kaga/Cab_F2,28042,57.1737701149425,0.230715652694646,247.810538414628,2.49266467968128e-48,61.87,2.73,0.51,62.46,5.5,21_1_21,AU,-1
KC277,277,Kaga/Cab_F2,22062,61.4203448275862,0.0577443423179975,1063.65995978177,4.83139462177756e-66,65.79,2.49,0.46,65.78,4.07,21_1_21,AU,0
KC279,279,Kaga/Cab_F2,24059,53.9490476190476,0.083985816012598,642.359033708206,3.82265634447095e-56,56.11,1.24,0.24,56.43,2.19,21_1_21,AU,NA
KC280,280,Kaga/Cab_F2,29383,55.630459770115,0.202786419878262,274.330301819577,1.44825306247957e-49,56.32,0.66,0.12,56.13,0.3,27_1_21,AU,-1
KC281,281,Kaga/Cab_F2,24994,51.3168965517241,0.372524001840651,137.754604530623,3.39671621385073e-41,52.67,1.24,0.23,53.12,2.34,27_1_21,AU,0
KC282,282,Kaga/Cab_F2,25934,56.5081379310344,0.132949935392439,425.033210916838,6.8856594249255e-55,57.86,0.84,0.16,57.64,1.2,27_1_21,AU,0
KC283,283,Kaga/Cab_F2,23138,58.583724137931,0.427142235269961,137.152731105846,3.83910238519498e-41,59.23,1.18,0.22,59.45,2.03,27_1_21,AU,-1
KC284,284,Kaga/Cab_F2,25063,55.4042528735632,0.0748493105898871,740.21059695704,1.23722298484414e-61,56.17,0.48,0.09,56.13,0.3,27_1_21,AU,-1
KC285,285,Kaga/Cab_F2,25735,57.0904827586207,0.399936124452711,142.749002323173,1.25481539472848e-41,59.08,1.54,0.29,59.6,1.13,27_1_21,AU,-1
KC286,286,Kaga/Cab_F2,27594,56.7921379310344,0.230506846494092,246.379397379375,2.93132090339252e-48,57.76,0.82,0.15,57.79,1.51,27_1_21,AU,0
KC287,287,Kaga/Cab_F2,23550,57.9175632183908,0.136947514262138,422.917958974618,7.91781002736702e-55,60.49,1.51,0.28,60.05,2.64,27_1_21,AU,-1
KC288,288,Kaga/Cab_F2,26453,53.8029195402299,0.342110007856785,157.26789133498,8.3584334869431e-43,56.19,1.63,0.3,55.38,2.34,27_1_21,AU,0
KC289,289,Kaga/Cab_F2,25582,61.9438390804598,0.156019125278721,397.027216822295,4.6417840829656e-54,62.93,0.69,0.13,62.61,0.53,27_1_21,AU,0
KC290,290,Kaga/Cab_F2,23336,52.7396091954023,0.170437262751093,309.437081681037,4.97682346555005e-51,55.24,1.49,0.28,55.38,1.36,28_1_21,AU,-1
KC291,291,Kaga/Cab_F2,22099,56.7810574712644,0.135550893420056,418.8910603142,1.03497128558658e-54,59.93,1.82,0.34,59.75,3.62,28_1_21,AU,0
KC292,292,Kaga/Cab_F2,25982,54.1744827586207,0.306476376003533,176.765607401975,3.17902993115837e-44,57.82,2.22,0.41,58.54,2.26,28_1_21,AU,-1
KC293,293,Kaga/Cab_F2,24132,58.3133793103448,0.249937610652701,233.311741910559,1.3472540973301e-47,59.57,0.97,0.18,59.6,1.44,28_1_21,AU,-1
KC294,294,Kaga/Cab_F2,21746,57.662,0.134818384191204,427.701313481267,5.77910734234986e-55,60.79,1.81,0.34,60.95,3.24,28_1_21,AU,0
KC295,295,Kaga/Cab_F2,23378,55.9005287356322,0.132204623308572,422.833387643016,7.96226539443658e-55,59.42,2.03,0.38,59.6,3.92,28_1_21,AU,-1
KC296,296,Kaga/Cab_F2,24027,56.2186666666667,0.146889056076081,382.728762567229,1.29605213443812e-53,58.53,1.37,0.25,59.14,2.34,28_1_21,AU,-1
KC297,297,Kaga/Cab_F2,27994,55.3550804597701,0.309307836591046,178.964364659659,2.24955657363332e-44,56.73,1.13,0.21,56.28,0.6,28_1_21,AU,-1
KC298,298,Kaga/Cab_F2,20934,58.1250574712644,0.388301617008803,149.690485244481,3.32597759181615e-42,62.61,2.75,0.51,63.97,4.07,28_1_21,AU,0
KC299,299,Kaga/Cab_F2,23464,66.4508965517241,0.214071251495634,310.414855275788,4.55616158159887e-51,70.41,2.32,0.43,70,2.64,28_1_21,AU,-1
KC300,300,Kaga/Cab_F2,24508,60.5841149425287,0.109053445424711,555.545170595778,3.81962683407264e-58,63.46,1.66,0.31,63.82,2.87,28_1_21,DB,0
KC301,301,Kaga/Cab_F2,26449,60.6755632183908,0.482620662608078,125.721022573921,4.37393782602995e-40,64.47,2.5,0.46,65.63,2.26,28_1_21,DB,-1
KC302,302,Kaga/Cab_F2,25729,63.0976091954023,0.302712579470249,208.440657820775,3.1579260440947e-46,65.4,1.53,0.28,66.23,2.56,28_1_21,DB,-1
KC303,303,Kaga/Cab_F2,23554,57.7888505747127,0.21322645377338,271.021018039963,2.03410515119393e-49,61.56,2.21,0.41,61.56,3.32,28_1_21,DB,-1
KC304,304,Kaga/Cab_F2,27516,59.2460459770115,0.65698659927701,90.1784694576869,4.69477198895013e-36,62.68,2.6,0.48,61.71,3.62,28_1_21,DB,-1
KC305,305,Kaga/Cab_F2,24452,59.986091954023,0.27802297977249,215.759474281984,1.20228128223195e-46,61.2,1,0.19,61.11,1.21,28_1_21,DB,NA
KC306,306,Kaga/Cab_F2,24308,58.9511494252873,0.21053536861376,280.00591925928,8.16424644922687e-50,63.06,2.4,0.45,62.46,4.38,28_1_21,DB,-1
KC307,307,Kaga/Cab_F2,27248,60.5806206896552,0.100925889825697,600.248566490522,4.3749012642848304e-59,64.53,2.26,0.42,64.88,3.77,28_1_21,DB,0
KC308,308,Kaga/Cab_F2,23590,60.9749425287356,0.203564709422696,299.535920060303,1.23678233095956e-50,63.15,1.34,0.25,62.61,2.04,28_1_21,DB,0
KC309,309,Kaga/Cab_F2,27349,60.5917701149425,0.0675720904877368,896.698173426185,5.75964914720307e-64,63.31,1.55,0.29,63.37,2.26,28_1_21,DB,-1
KC310,310,Kaga/Cab_F2,28921,58.1770574712644,0.059088959761415,984.56729829341,4.20393042310493e-65,60.75,1.47,0.27,60.8,2.03,29_1_21,AU,0
KC311,311,Kaga/Cab_F2,24408,57.3239540229885,0.0593139720808198,966.449421813806,7.07139067725303e-65,59.78,1.4,0.26,59.75,2.33,29_1_21,AU,-1
KC312,312,Kaga/Cab_F2,24297,58.398,0.249007932977942,234.522648742975,1.16555076300446e-47,65.9,4.31,0.8,65.48,6.63,29_1_21,AU,-1
KC313,313,Kaga/Cab_F2,26683,55.2531724137931,0.208685222077658,264.768016938122,3.90944362523104e-49,59.16,2.28,0.42,59.75,4.75,29_1_21,AU,0
KC314,314,Kaga/Cab_F2,26451,61.1198620689655,0.0376147172159682,1624.89223880218,3.40052951062029e-71,65.98,2.76,0.51,66.08,4.67,29_1_21,AU,0
KC315,315,Kaga/Cab_F2,25932,58.3229195402299,0.0868273060967092,671.711724826164,1.87590110135763e-60,61.06,1.57,0.29,60.8,2.26,29_1_21,AU,0
KC316,316,Kaga/Cab_F2,24890,61.8326896551724,0.196618439922199,314.480623890817,3.1652200140605e-51,62.62,0.68,0.13,62.91,0.91,29_1_21,AU,-1
KC317,317,Kaga/Cab_F2,22788,59.5280689655172,0.148645636248617,400.469670471547,3.64519673907135e-54,62.06,1.49,0.28,62.46,2.95,29_1_21,AU,-1
KC318,318,Kaga/Cab_F2,23138,63.5398390804598,0.732723456877635,86.7173535718686,1.39921475042769e-35,64.46,1.99,0.37,63.67,3.47,29_1_21,AU,-1
KC319,319,Kaga/Cab_F2,26193,60.726091954023,0.198157497160084,306.453668543082,6.52723896586999e-51,61.67,0.75,0.14,61.71,1.43,29_1_21,DB,0
KC320,320,Kaga/Cab_F2,28356,60.0991954022989,0.0513331371961857,1170.76802013115,3.29149188283145e-67,62.49,1.37,0.25,62.46,2.04,29_1_21,DB,-1
KC321,321,Kaga/Cab_F2,25030,63.6025517241379,0.118155370154295,538.29590344545,9.23716432325605e-58,65.07,0.89,0.16,65.03,0.61,29_1_21,DB,0
KC322,322,Kaga/Cab_F2,23361,64.4273103448276,0.212336830205819,303.420326480235,8.62300433483763e-51,65.3,0.74,0.14,65.33,1.21,29_1_21,DB,-1
KC323,323,Kaga/Cab_F2,27454,61.4855172413793,0.676016246914671,90.9527212134301,3.69825599496815e-36,63.41,2.08,0.39,63.67,2.34,29_1_21,DB,0
KC324,324,Kaga/Cab_F2,23786,58.6828045977011,0.188723841098129,310.945369997998,4.34350376041339e-51,61.17,1.49,0.28,61.26,3.01,29_1_21,DB,-1
KC325,325,Kaga/Cab_F2,21695,61.9848275862069,0.211507648729292,293.061872507226,2.27992142203936e-50,64.59,1.58,0.29,63.97,2.94,29_1_21,DB,NA
KC326,326,Kaga/Cab_F2,27152,65.1005057471264,0.497475396787019,130.861759531391,1.42671556022353e-40,66.86,1.65,0.31,66.38,1.06,29_1_21,DB,0
KC327,327,Kaga/Cab_F2,26918,51.4664827586207,0.223749029858993,230.018797359948,2.0054593942372e-47,56.68,3.02,0.56,57.34,5.88,30_1_21,AU,0
KC328,328,Kaga/Cab_F2,25017,51.579724137931,0.335976017210397,153.52204174035,1.64035462186563e-42,55.82,2.56,0.48,54.92,3.99,30_1_21,AU,-1
KC329,329,Kaga/Cab_F2,30250,64.8284367816092,0.288756350230783,224.509129339654,3.95257805662653e-47,68.17,2.04,0.38,67.59,2.64,30_1_21,AU,-1
KC330,330,Kaga/Cab_F2,26541,53.6294712643678,0.159795187537524,335.613807216655,5.12531846759946e-52,54.78,0.78,0.14,54.62,1.74,30_1_21,AU,-1
KC331,331,Kaga/Cab_F2,26344,59.4652183908047,0.221533043000245,268.425953913968,2.66272898821237e-49,61.7,1.4,0.26,62.16,2.94,30_1_21,AU,0
KC332,332,Kaga/Cab_F2,26011,62.4823218390804,0.900316210147407,69.4004185805455,6.95806729329827e-33,68.44,4.13,0.77,66.23,5.58,30_1_21,AU,-1
KC333,333,Kaga/Cab_F2,27447,56.4947816091954,0.0792328805566135,713.021932464373,3.52770368754655e-61,60.05,2.03,0.38,59.75,3.77,30_1_21,AU,0
KC334,334,Kaga/Cab_F2,27355,55.9765287356322,0.378531989402053,147.877934501798,4.67607394514387e-42,58.83,1.9,0.35,57.79,1.66,30_1_21,AU,-1
KC335,335,Kaga/Cab_F2,26202,58.8665287356322,0.201297770056615,292.43507625085,2.42073728296733e-50,62.48,2.12,0.39,61.71,2.79,30_1_21,AU,-1
KC336,336,Kaga/Cab_F2,25314,55.007448275862,0.223926991598902,245.649029994523,3.18528729863648e-48,58.77,2.22,0.41,58.09,4.38,30_1_21,AU,-1
KC337,337,Kaga/Cab_F2,28667,59.451632183908,0.223627240958123,265.851476453358,3.48718134763226e-49,60.92,1.02,0.19,60.5,1.73,30_1_21,DB,0
KC338,338,Kaga/Cab_F2,30459,61.7739540229885,0.244156034562188,253.010146293371,1.39400446577969e-48,64.81,1.84,0.34,65.78,3.17,30_1_21,DB,0
KC339,339,Kaga/Cab_F2,28910,56.5865287356322,0.605939483607629,93.3864358842052,1.76974254302821e-36,61.38,3.15,0.59,59.9,4.68,30_1_21,DB,0
KC340,340,Kaga/Cab_F2,23678,66.0795726495727,0.623723197913549,105.94374695477,1.08234150521859e-34,65.34,1.6,0.31,64.72,2.11,30_1_21,DB,0
KC341,341,Kaga/Cab_F2,24249,56.2214022988506,0.582378359384008,96.5375883099725,7.00751629922104e-37,58.58,2.03,0.38,58.99,3.84,30_1_21,DB,0
KC342,342,Kaga/Cab_F2,24285,62.0775632183908,0.144115775559352,430.747869048002,4.73763870468265e-55,66.07,2.3,0.43,65.63,4.14,30_1_21,DB,-1
KC343,343,Kaga/Cab_F2,24149,61.8775632183908,0.224125955669716,276.083878966597,1.21168202249429e-49,65.82,2.31,0.43,66.23,4.45,30_1_21,DB,-1
KC344,344,Kaga/Cab_F2,26097,65.9222068965517,0.05874128436813,1122.24660399693,1.07669727806378e-66,68.43,1.43,0.27,68.49,2.11,30_1_21,DB,-1
KC345,345,Kaga/Cab_F2,25542,66.2734482758621,0.173376969141245,382.250587284583,1.34221465807946e-53,71.24,2.86,0.53,70.75,3.99,30_1_21,DB,0
KC346,346,Kaga/Cab_F2,29297,57.1740689655172,0.314123499018932,182.011435451607,1.40271112720857e-44,60.73,2.18,0.41,59.75,3.54,30_1_21,DB,0
KC347,347,Kaga/Cab_F2,30057,58.4306896551724,0.35743261642617,163.473300896259,2.83159020555917e-43,70.79,7.08,1.32,70.75,10.78,31_1_21,AU,0
KC348,348,Kaga/Cab_F2,23617,56.9426666666667,0.176010071528841,323.519365522989,1.43191304850245e-51,60.83,2.26,0.42,60.5,4.68,31_1_21,AU,-1
KC349,349,Kaga/Cab_F2,23424,57.1074022988506,0.135521893227482,421.388758220727,8.76289265683218e-55,58.79,1.02,0.19,58.69,1.36,31_1_21,AU,-1
KC350,350,Kaga/Cab_F2,25396,63.9200689655172,0.626065444562899,102.0980626237,1.46703445157241e-37,61.02,2.32,0.43,61.86,4.22,31_1_21,AU,-1
KC351,351,Kaga/Cab_F2,26805,56.274091954023,0.224612454029033,250.538609701264,1.83478383777415e-48,57.58,0.95,0.18,57.79,0.6,31_1_21,AU,-1
KC352,352,Kaga/Cab_F2,23405,61.0178620689655,0.223204145895345,273.372440391745,1.59721196281911e-49,63.89,1.73,0.32,63.52,3.32,31_1_21,DB,-1
KC353,353,Kaga/Cab_F2,27441,61.770367816092,0.144901369360711,426.292505644467,6.33834132605478e-55,62.53,0.58,0.11,62.61,0.9,31_1_21,DB,-1
KC354,354,Kaga/Cab_F2,27209,59.1907126436782,0.074770593082083,791.630910011624,1.88711022158004e-62,62,1.61,0.3,62.16,2.95,31_1_21,DB,0
KC355,355,Kaga/Cab_F2,27855,63.4702068965517,0.142049216397421,446.818423263785,1.6990354068515e-55,64.32,0.61,0.11,64.12,0.3,31_1_21,DB,-1
KC356,356,Kaga/Cab_F2,27288,66.9125747126437,0.784183770445905,85.3276709292207,2.19593718740288e-35,63.32,2.9,0.54,64.72,1.28,31_1_21,DB,0
KC357,357,Kaga/Cab_F2,29647,58.2050793650794,0.443896793272692,131.123000317155,3.28892959956119e-38,63.22,3.06,0.59,61.86,5.51,31_1_21,DB,0
KC358,358,Kaga/Cab_F2,NA,56.4811724137931,1.03457230882421,54.593740748758,5.49210019583106e-30,64.46,5.28,0.98,67.44,5.65,31_1_21,DB,0
KC359,359,Kaga/Cab_F2,31275,61.1305747126437,0.466093889995298,131.155065588309,1.34015639338505e-40,64.65,2.35,0.44,63.22,2.78,31_1_21,DB,0
KC360,360,Kaga/Cab_F2,27196,66.1663678160919,0.554065065937489,119.419851356514,1.84088027668169e-39,71.15,3.18,0.59,70.15,5.5,31_1_21,DB,-1
KC361,361,Kaga/Cab_F2,25385,54.4800689655172,0.0561165917340672,970.837096160341,6.22908023011672e-65,56.52,1.17,0.22,56.43,2.26,31_1_21,AU,0
KC362,362,Kaga/Cab_F2,26719,61.361632183908,0.368083234735419,166.705859961308,1.6373959562338e-43,63.61,1.6,0.3,64.12,2.49,1_2_21,AU,0
KC363,363,Kaga/Cab_F2,27234,56.6165517241379,0.0464914154017218,1217.78507354373,1.09296839830662e-67,59.25,1.5,0.28,59.3,2.63,1_2_21,AU,0
KC364,364,Kaga/Cab_F2,23962,58.3527586206897,0.2734987619788,213.356573165084,1.64480266227208e-46,61.34,1.84,0.34,62.16,3.23,1_2_21,AU,0
KC365,365,Kaga/Cab_F2,24460,60.3121609195402,0.163785028773099,368.239767525358,3.81789446234185e-53,66.61,3.6,0.67,66.38,5.95,1_2_21,AU,-1
KC366,366,Kaga/Cab_F2,23807,60.5772183908046,0.213604052262996,283.595829522092,5.71551433263359e-50,62.73,1.35,0.25,62.31,1.36,1_2_21,AU,-1
KC367,367,Kaga/Cab_F2,30828,57.0120459770115,0.218668859363506,260.723205594799,6.01512940665003e-49,64.21,4.13,0.77,63.82,7.91,1_2_21,AU,0
KC368,368,Kaga/Cab_F2,32312,62.3175172413793,0.231907155451304,268.717526719286,2.58303470767156e-49,65.66,1.99,0.37,66.23,3.24,1_2_21,AU,-1
KC369,369,Kaga/Cab_F2,27075,55.6855632183908,0.717946008133797,77.5623272328483,3.14181912127348e-34,59.44,2.84,0.53,58.69,5.2,1_2_21,AU,-1
KC370,370,Kaga/Cab_F2,26907,61.8959310344828,0.277599807162688,222.968206163805,4.79275290293565e-47,66.16,2.53,0.47,66.98,3.84,1_2_21,AU,0
KC371,371,Kaga/Cab_F2,24012,63.4708275862069,0.376615231907386,168.52963504624,1.20772891307521e-43,65.33,1.44,0.27,65.93,1.43,1_2_21,DB,-1
KC372,372,Kaga/Cab_F2,30918,60.8866436781609,0.142397299007167,427.582855171264,5.82409824137727e-55,63.28,1.41,0.26,63.67,2.33,1_2_21,DB,0
KC373,373,Kaga/Cab_F2,31694,63.2461379310345,0.208711105619719,303.031972080449,8.9377490756704e-51,66.13,1.73,0.32,65.48,2.94,1_2_21,DB,0
KC374,374,Kaga/Cab_F2,23508,63.9884827586207,0.786313741897712,81.3778004237711,8.23629577348879e-35,65.59,2.25,0.42,65.63,2.72,1_2_21,DB,-1
KC375,375,Kaga/Cab_F2,26733,57.7466896551724,0.525304899384296,109.929851640175,1.86147131120975e-38,61.27,2.43,0.45,59.75,4.67,1_2_21,DB,0
KC376,376,Kaga/Cab_F2,23173,60.8242298850575,0.190880608118914,318.650650186349,2.18907930236197e-51,63.34,1.51,0.28,62.76,2.94,1_2_21,DB,0
KC377,377,Kaga/Cab_F2,28965,65.8184827586207,0.143985555659136,457.118649557017,8.97633061658542e-56,63.88,1.16,0.22,64.12,1.12,1_2_21,DB,-1
KC378,378,Kaga/Cab_F2,32546,62.5355862068965,0.526078539903832,118.871197860168,2.09370661917834e-39,62.76,1.39,0.26,62.31,2.34,1_2_21,DB,-1
KC379,379,Kaga/Cab_F2,21511,57.9881609195402,0.243512380247211,238.132290689579,7.60121812807176e-48,61.31,1.99,0.37,61.11,2.26,1_2_21,DB,-1
KC380,380,Kaga/Cab_F2,24285,59.4953103448276,0.178153146579945,333.955989478578,5.88738761077174e-52,61.64,1.3,0.24,61.56,2.63,1_2_21,DB,0
KC381,381,Kaga/Cab_F2,28929,59.4843448275862,1.6632016523136,35.7649625617197,6.46558109984364e-25,56.04,4.78,0.89,56.88,2.64,1_2_21,DB,0
KC382,382,Kaga/Cab_F2,24257,54.2088735632184,0.210977780315403,256.941150305868,9.05444541643967e-49,61.15,3.98,0.74,60.65,6.7,4_2_21,AU,-1
KC383,383,Kaga/Cab_F2,27583,54.6548275862069,0.166449235077164,328.357337063577,9.45066196773635e-52,59.62,2.85,0.53,58.99,4.67,4_2_21,AU,0
KC384,384,Kaga/Cab_F2,24117,57.0591264367816,0.0719174070124382,793.397993714,1.77290108774896e-62,61.7,2.64,0.49,61.56,4.6,4_2_21,AU,-1
KC385,385,Kaga/Cab_F2,25576,59.0190344827586,0.187898813348718,314.100091591458,3.2743348616621e-51,65.29,3.59,0.67,64.72,5.5,4_2_21,AU,-1
KC386,386,Kaga/Cab_F2,24448,61.4586896551724,0.268783829961574,228.654713581389,2.36867473410626e-47,65.38,2.34,0.43,64.57,4.14,4_2_21,AU,-1
KC387,387,Kaga/Cab_F2,22382,58.7163908045977,0.138310846464196,424.524846066917,7.12026951554454e-55,60.89,1.29,0.24,61.11,1.36,4_2_21,AU,-1
KC388,388,Kaga/Cab_F2,23855,56.79,0.111755074486811,508.164844064437,4.63372402452851e-57,59.87,1.77,0.33,59.9,2.27,4_2_21,AU,-1
KC389,389,Kaga/Cab_F2,23636,NA,NA,NA,NA,NA,NA,NA,NA,NA,NA,NA,NA
KC390,390,Kaga/Cab_F2,20733,56.5853563218391,0.666691597075185,84.8748605353395,2.54731070934091e-35,60.09,2.65,0.49,59.3,4.14,4_2_21,AU,0
KC391,391,Kaga/Cab_F2,26769,55.695724137931,0.112346773827141,495.748317825536,9.26215669095836e-57,58.96,1.88,0.35,58.99,2.64,10_2_21,AU,-1
KC392,392,Kaga/Cab_F2,24270,58.0627126436781,0.129727534673791,447.574316352198,1.62050666985072e-55,62.09,2.31,0.43,61.86,4.15,10_2_21,AU,0
KC393,393,Kaga/Cab_F2,27512,NA,NA,NA,NA,NA,NA,NA,NA,NA,NA,NA,NA
KC394,394,Kaga/Cab_F2,31439,51.1669425287356,0.32935172702514,155.356533244564,1.17667230921864e-42,55.39,2.55,0.47,54.47,5.05,10_2_21,AU,0
KC395,395,Kaga/Cab_F2,26216,55.781908045977,0.281421938461391,198.214497245494,1.29038072938902e-45,59.17,2.06,0.38,58.54,3.92,10_2_21,AU,0
KC396,396,Kaga/Cab_F2,27093,57.3540229885057,0.404645577989446,141.738909574842,1.53044004427854e-41,56.99,1.08,0.2,57.19,0.84,10_2_21,AU,-1
KC397,397,Kaga/Cab_F2,24653,54.2477471264367,0.153638334229619,353.087316381348,1.23787707581078e-52,56.27,1.22,0.23,56.88,1.42,10_2_21,AU,0
KC398,398,Kaga/Cab_F2,26876,54.5268965517241,0.149709401407091,364.2182524226,5.1919255681201e-53,56.98,1.44,0.27,57.03,3.16,10_2_21,AU,0
KC399,399,Kaga/Cab_F2,25894,61.3171921182266,0.775873997539366,79.0298325664864,1.74129026117698e-33,58.62,2.52,0.48,57.79,3.32,10_2_21,AU,-1
KC400,400,Kaga/Cab_F2,23041,53.1917471264368,0.249924465720884,212.831292738829,1.76226487827756e-46,54.85,1.15,0.21,55.08,2.33,11_2_21,AU,-1
KC401,401,Kaga/Cab_F2,28998,54.9545977011494,0.396542627551114,138.584338436769,2.87169191807394e-41,58.6,2.32,0.43,57.03,3.77,11_2_21,AU,0
KC402,402,Kaga/Cab_F2,29011,54.6508965517242,0.103003729878074,530.572015366963,1.3844287071319e-57,57.7,1.75,0.33,57.94,3.32,11_2_21,AU,NA
KC403,403,Kaga/Cab_F2,30936,56.7789655172414,0.513643298276861,110.5416262759,1.59411813685871e-38,54.26,1.97,0.36,54.62,3.47,11_2_21,AU,-1
KC404,404,Kaga/Cab_F2,21003,56.5861609195402,0.632487962242362,89.4659887579917,5.85799573195705e-36,54.15,2.16,0.4,54.62,3.02,11_2_21,AU,0
KC405,405,Kaga/Cab_F2,23276,61.5445517241379,0.362155219084049,169.939706736229,9.56631704140054e-44,66.68,3.07,0.57,65.48,5.88,11_2_21,AU,-1
KC406,406,Kaga/Cab_F2,26742,56.5554942528736,0.460951060827276,122.693055855805,8.64599715186535e-40,57.3,1.28,0.24,57.19,1.51,11_2_21,AU,0
KC407,407,Kaga/Cab_F2,23611,55.6002298850575,0.0711731647808025,781.196537435054,2.73614020631445e-62,58.51,1.66,0.31,58.24,2.63,11_2_21,AU,0
KC408,408,Kaga/Cab_F2,25496,52.694091954023,0.372655446349424,141.401641838917,1.63586340178903e-41,57.48,2.89,0.54,57.19,2.26,11_2_21,AU,-1
KC409,409,Kaga/Cab_F2,26666,54.379540229885,0.288627141767624,188.407576282852,5.33713601554194e-45,58.38,2.4,0.44,57.34,3.17,11_2_21,AU,-1
KC410,410,Kaga/Cab_F2,29568,52.2876551724138,0.439964086146542,118.84528037363,2.10650426702914e-39,60.79,4.97,0.92,59.3,9.35,16_2_21,AU,0
KC411,411,Kaga/Cab_F2,26118,54.4029885057471,0.0815665707849603,666.976531956622,2.28681622128664e-60,54.99,0.4,0.07,54.77,0.54,16_2_21,AU,0
KC412,412,Kaga/Cab_F2,27460,57.1765747126437,0.669206753887018,85.4393270548144,2.11727248616838e-35,58.58,1.93,0.36,58.39,2.64,16_2_21,AU,-1
KC413,413,Kaga/Cab_F2,28356,68.4667816091954,0.244557806436902,279.961546133921,8.20054381121368e-50,64.33,2.44,0.45,65.18,4.75,16_2_21,AU,NA
KC414,414,Kaga/Cab_F2,28205,57.2599540229885,0.122963431284551,465.666527233474,5.34364018846508e-56,61.08,2.19,0.41,61.41,4.08,16_2_21,AU,0
KC415,415,Kaga/Cab_F2,27223,59.0925747126437,0.159954604884161,369.433407406048,3.48721212898015e-53,62.29,1.86,0.35,62.76,3.62,16_2_21,AU,0
KC416,416,Kaga/Cab_F2,29379,58.7542528735632,0.0681752220206238,861.812417065387,1.74951708084472e-63,61.16,1.38,0.26,61.26,2.56,16_2_21,AU,0
KC417,417,Kaga/Cab_F2,26480,55.5191264367816,0.155642451721106,356.709405582134,9.30241610624513e-53,56.32,0.61,0.11,55.98,0.3,16_2_21,AU,-1
KC418,418,Kaga/Cab_F2,25055,52.995540229885,0.347580146030638,152.469986663777,1.98819821191367e-42,56.74,2.32,0.43,56.28,4.68,16_2_21,AU,-1
KC419,419,Kaga/Cab_F2,27039,54.0200459770115,0.163097102660243,331.214013590075,7.41571518060743e-52,55.55,0.97,0.18,55.08,0.83,16_2_21,AU,0
KC420,420,Kaga/Cab_F2,25354,61.8831264367816,0.306798583277975,201.706037151783,7.9163326520663e-46,64.1,1.49,0.28,63.52,2.64,16_2_21,DB,-1
KC421,421,Kaga/Cab_F2,28115,65.5437931034482,0.0807215999654736,811.973413949707,9.27419887258191e-63,66.12,0.39,0.07,65.93,0.6,16_2_21,DB,-1
KC422,422,Kaga/Cab_F2,24636,67.3242068965517,0.414930146073982,162.25431565666,3.49103114068512e-43,66.24,1.25,0.23,66.53,1.73,16_2_21,DB,-1
KC423,423,Kaga/Cab_F2,27920,60.1893506493506,0.767379541039797,78.4349170526415,2.25244697335168e-26,59.47,1.74,0.38,58.99,2.86,16_2_21,DB,-1
KC424,424,Kaga/Cab_F2,25651,62.9414942528736,0.271155739008797,232.123039265017,1.5542906173044e-47,62.48,0.76,0.14,62.61,1.43,16_2_21,DB,-1
KC425,425,Kaga/Cab_F2,28960,59.468551724138,0.505738239237847,117.587611752984,2.83584587551432e-39,60.77,1.52,0.28,61.11,2.34,16_2_21,DB,0
KC426,426,Kaga/Cab_F2,29342,58.1340919540229,0.166058566626741,350.081860484164,1.57255197446226e-52,60.8,1.58,0.29,61.26,2.94,16_2_21,DB,0
KC427,427,Kaga/Cab_F2,24755,61.9530344827586,0.237122214518733,261.270478636932,5.67226872916123e-49,62.29,0.65,0.12,62.31,1.12,16_2_21,DB,-1
KC428,428,Kaga/Cab_F2,23493,61.9569885057471,0.252447918369324,245.424834183445,3.26773591979853e-48,62.67,0.78,0.14,62.46,0.9,16_2_21,DB,-1
KC429,429,Kaga/Cab_F2,31039,59.006275862069,0.171010213353235,345.045332118187,2.35929464605041e-52,60.65,1.04,0.19,60.2,1.13,17_2_21,DB,-1
KC430,430,Kaga/Cab_F2,20435,60.5837931034483,0.111459218451995,543.551210432555,7.03730880476426e-58,62.65,1.21,0.22,62.46,2.41,17_2_21,DB,-1
KC431,431,Kaga/Cab_F2,28255,62.7525287356322,0.145744805060112,430.564428761286,4.79447329376387e-55,65.23,1.46,0.27,64.88,2.63,17_2_21,DB,-1
KC432,432,Kaga/Cab_F2,27895,61.139724137931,0.209228444310159,292.215163858399,2.47225211823704e-50,63.89,1.66,0.31,63.37,2.87,17_2_21,DB,0
KC433,433,Kaga/Cab_F2,26345,63.1431494252874,0.0945896210958589,667.54839160733,2.23259670862528e-60,64.91,1.04,0.19,64.72,2.04,17_2_21,DB,0
KC434,434,Kaga/Cab_F2,27485,62.915908045977,0.174997087487787,359.525458104369,7.46437566890495e-53,63.68,0.63,0.12,63.52,0.23,17_2_21,DB,-1
KC435,435,Kaga/Cab_F2,24800,60.6610114942528,0.0558188608633283,1086.74757162781,2.6482216992657e-66,63.56,1.65,0.31,63.67,2.87,17_2_21,DB,-1
KC436,436,Kaga/Cab_F2,27464,60.0357471264368,0.122585317281396,489.746638976545,1.30259556136226e-56,61.65,0.97,0.18,62.01,1.43,17_2_21,DB,0
KC437,437,Kaga/Cab_F2,24686,57.5336551724138,0.545911515780718,105.39007423233,6.04653848742592e-38,60.14,2.06,0.38,60.2,3.24,18_2_21,AU,-1
KC438,438,Kaga/Cab_F2,28318,54.5287586206897,0.0849220257745388,642.103837294923,6.62750573797098e-60,55.59,0.64,0.12,55.38,1.12,18_2_21,AU,0
KC439,439,Kaga/Cab_F2,29000,59.8991954022989,0.364718119316626,164.234218783899,2.48665995155733e-43,59.82,0.96,0.18,59.75,1.51,18_2_21,AU,0
KC440,440,Kaga/Cab_F2,26451,54.5059540229885,0.539760491943709,100.981740672996,1.99425386019857e-37,56,1.65,0.31,56.13,2.95,18_2_21,AU,0
KC441,441,Kaga/Cab_F2,23935,58.9402298850575,0.252694794913622,233.246711334932,1.357805940464e-47,60.14,0.95,0.18,60.5,0.83,18_2_21,AU,0
KC442,442,Kaga/Cab_F2,25321,54.7386666666667,0.168270566639847,325.301493658276,1.22781268733396e-51,57.98,1.89,0.35,58.24,3.17,18_2_21,AU,-1
KC443,443,Kaga/Cab_F2,21695,56.5306896551724,0.160824301396969,351.505892854062,1.40362731832211e-52,58.81,1.36,0.25,58.24,2.71,18_2_21,AU,-1
KC444,444,Kaga/Cab_F2,26225,61.9104367816092,0.1927879323008,321.13232422148,1.76176695900062e-51,63.64,1.1,0.2,63.22,1.81,18_2_21,AU,0
KC445,445,Kaga/Cab_F2,19544,53.1537471264368,0.391594147923065,135.736827039815,5.13140128761718e-41,55.48,1.67,0.31,55.23,1.44,18_2_21,AU,0
KC446,446,Kaga/Cab_F2,26223,59.08,0.11914228134277,495.877696264923,9.19473790669317e-57,60.07,0.64,0.12,60.2,1.5,23_3_21,AU,0
KC447,447,Kaga/Cab_F2,23288,56.0509885057471,0.0860614860575285,651.290037779261,4.45271127729403e-60,57.59,0.9,0.17,57.49,1.73,23_3_21,AU,-1
KC448,448,Kaga/Cab_F2,20337,55.582091954023,0.13238032828263,419.866702818233,9.69712650122779e-55,55.95,0.41,0.08,55.68,0.3,23_3_21,AU,0
KC449,449,Kaga/Cab_F2,NA,55.1428735632184,0.151109113090754,364.920900105479,4.91922125195321e-53,54.36,0.6,0.11,54.47,0.53,23_3_21,AU,0
KC450,450,Kaga/Cab_F2,20969,58.2587816091954,0.113830772108629,511.801690614898,3.79507526804655e-57,61.73,1.99,0.37,61.56,3.85,23_3_21,AU,0
KC451,451,Kaga/Cab_F2,26332,58.0897241379311,0.21933726901941,264.842014298949,3.87898585269803e-49,58.85,0.72,0.13,58.84,1.36,23_3_21,AU,0
KC452,452,Kaga/Cab_F2,23987,55.0749425287356,0.269921555191581,204.040549816947,5.73698264206417e-46,57.55,1.57,0.29,57.03,3.17,23_3_21,AU,0
KC453,453,Kaga/Cab_F2,22242,55.3558620689655,0.09631333086788,574.747665459739,1.47515096177912e-58,57.82,1.42,0.26,57.49,2.26,23_3_21,AU,0
KC454,454,Kaga/Cab_F2,27079,55.8985057471264,0.171308373401941,326.303406173683,1.12653905742652e-51,57.4,0.96,0.18,57.49,0.83,23_3_21,AU,0
KC455,455,Kaga/Cab_F2,27535,61.916,0.352637352965778,175.579811608921,3.83771441968068e-44,59.89,1.48,0.27,60.2,2.57,23_3_21,AU,0
KC456,456,Kaga/Cab_F2,23962,58.0576781609195,0.224605150674382,258.487741650626,7.65447686794079e-49,58.87,0.75,0.14,58.84,1.14,25_3_21,DB,0
KC457,457,Kaga/Cab_F2,28408,58.2087126436782,0.218687033382318,266.17358945976,3.37097391359725e-49,61.55,1.98,0.37,62.46,3.17,25_3_21,DB,-1
KC458,458,Kaga/Cab_F2,21157,61.4523218390805,0.244875261618841,250.953572985799,1.75173899168536e-48,66.06,2.69,0.5,66.68,5.34,25_3_21,DB,-1
KC459,459,Kaga/Cab_F2,23064,66.4349425287356,0.215415371301751,308.403908817048,5.46525237531339e-51,67.13,0.69,0.13,67.14,0.91,25_3_21,DB,-1
KC460,460,Kaga/Cab_F2,25197,60.578091954023,0.547416464831372,110.661801107286,1.54645360787433e-38,62.51,1.81,0.34,62.01,0.6,25_3_21,DB,-1
KC461,461,Kaga/Cab_F2,26677,58.6738160919541,0.33679525338592,174.212122950326,4.77619820162919e-44,61.72,1.94,0.36,62.76,2.57,25_3_21,DB,-1
KC462,462,Kaga/Cab_F2,27533,60.4518850574713,0.22290135733326,271.204652051937,1.99590506513176e-49,62.06,1.08,0.2,62.31,2.11,25_3_21,DB,-1
KC463,463,Kaga/Cab_F2,28517,59.4544137931035,0.127986794863772,464.535531625635,5.72010285639191e-56,60.51,0.69,0.13,60.2,1.21,25_3_21,DB,0
KC464,464,Kaga/Cab_F2,24216,60.4209195402299,0.241809776697777,249.869630439907,1.97735267507882e-48,59.44,0.85,0.16,59.3,1.21,25_3_21,DB,-1
KC465,465,Kaga/Cab_F2,NA,63.1794942528735,0.205191840687513,307.904515312037,5.71888622532157e-51,66.9,2.18,0.41,66.38,4.14,25_3_21,DB,-1
KC466,466,Kaga/Cab_F2,23868,57.576367816092,0.225604118123744,255.209737725228,1.09407670820169e-48,60.36,1.69,0.31,59.45,3.24,30_3_21,DB,-1
KC467,467,Kaga/Cab_F2,24848,58.0942758620689,0.152586252916649,380.730732628995,1.50058057191514e-53,60.17,1.25,0.23,59.75,1.43,30_3_21,DB,0
KC468,468,Kaga/Cab_F2,31252,55.8968505747126,0.48783245029427,114.582067144149,5.84667587432968e-39,58.69,2.04,0.38,58.24,3.84,30_3_21,DB,0
KC469,469,Kaga/Cab_F2,NA,59.7892105263158,0.127253613239066,469.842930227782,2.95308727932837e-38,63.11,1.89,0.43,62.91,3.46,30_3_21,DB,-1
KC470,470,Kaga/Cab_F2,24358,58.482183908046,0.0447866381584991,1305.7953513072,1.54916207022885e-68,60.39,1.09,0.2,60.5,1.51,30_3_21,DB,NA
KC471,471,Kaga/Cab_F2,30409,61.250367816092,0.221427748554578,276.615592291022,1.14815338638019e-49,63.07,1.18,0.22,63.67,2.41,30_3_21,DB,0
KC472,472,Kaga/Cab_F2,25620,63.3125287356322,0.234188583694791,270.348484698746,2.18059572106616e-49,64.17,0.78,0.15,64.42,0.9,30_3_21,DB,NA
KC473,473,Kaga/Cab_F2,21704,61.2803218390804,0.108206013958068,566.33009199311,2.22963470421168e-58,63.15,1.1,0.2,62.91,1.36,30_3_21,DB,NA
KC474,474,Kaga/Cab_F2,26438,60.846091954023,0.113672330462582,535.276189961217,1.08128560077233e-57,63.41,1.48,0.28,63.06,2.63,30_3_21,DB,-1
KC475,475,Kaga/Cab_F2,21951,60.3728275862069,0.163600003297102,369.027056048208,3.59632147070613e-53,63.55,1.85,0.34,63.06,2.94,30_3_21,DB,-1
KC476,476,Kaga/Cab_F2,NA,63.9502298850575,0.803372028881663,79.6022609525995,1.52360021382951e-34,64.79,2.16,0.4,64.72,3.23,1_4_21,DB,-1
KC477,477,Kaga/Cab_F2,NA,59.0087126436782,0.186707268580603,316.049359472064,2.75366914262342e-51,61.13,1.3,0.24,60.8,1.43,1_4_21,DB,-1
KC478,478,Kaga/Cab_F2,NA,62.8346896551724,0.148455720587575,423.255428665721,7.7429611294221e-55,65.98,1.83,0.34,65.63,2.27,1_4_21,DB,-1
KC479,479,Kaga/Cab_F2,18233,54.125540229885,0.373695405975834,144.838655665425,8.35779239716817e-42,63.94,5.66,1.05,65.03,8.37,1_4_21,DB,-1
KC480,480,Kaga/Cab_F2,22104,59.2105747126437,0.256430058140383,230.903409460012,1.80119679556071e-47,60.16,0.86,0.16,60.05,1.35,5_4_21,DB,0
KC481,481,Kaga/Cab_F2,20090,60.3917931034483,0.149449354986604,404.095374709792,2.8323070044065e-54,61.96,0.97,0.18,62.01,0.52,5_4_21,DB,0
KC482,482,Kaga/Cab_F2,20348,58.677908045977,0.11589894617191,506.285087001063,5.14032878246313e-57,61.14,1.43,0.27,60.95,1.73,5_4_21,DB,-1
KC484,484,Kaga/Cab_F2,21180,57.2903218390804,0.496227018178858,115.451839058128,4.7330283874497e-39,61.59,2.77,0.51,60.2,5.89,5_4_21,DB,-1
KC485,485,Kaga/Cab_F2,22302,58.5216551724138,0.0746978406943314,783.445071884853,2.52457965781288e-62,61.22,1.54,0.29,60.95,2.56,5_4_21,DB,-1
KC486,486,Kaga/Cab_F2,22300,59.7231034482759,0.384236735770614,155.433090822243,1.1605699295343e-42,59.05,1.08,0.2,59.14,2.04,5_4_21,DB,0
KC487,487,Kaga/Cab_F2,23156,64.1921609195402,0.549627230263824,116.792177288465,3.42814433013997e-39,65.19,1.55,0.29,65.18,2.56,5_4_21,DB,-1
KC488,488,Kaga/Cab_F2,22453,57.8234022988506,0.195984718837518,295.040361523234,1.88854077455436e-50,59.93,1.3,0.24,59.45,2.64,7_4_21,AU,0
KC489,489,Kaga/Cab_F2,22198,53.1467126436781,0.23102180285068,230.050635861539,1.99770642203756e-47,55.13,1.28,0.24,55.68,1.96,7_4_21,AU,-1
KC490,490,Kaga/Cab_F2,22480,52.9392413793103,0.186704152729694,283.546137594242,5.74361759809457e-50,54.99,1.27,0.24,54.47,2.34,7_4_21,AU,NA
KC491,491,Kaga/Cab_F2,NA,58.3774252873563,0.175050587271745,333.4888856827,6.12264274586504e-52,59.36,0.72,0.13,58.99,1.13,7_4_21,AU,-1
KC492,492,Kaga/Cab_F2,19686,52.5838620689655,0.183090807882183,287.200994289144,4.01324407198087e-50,55.1,1.51,0.28,54.62,3.24,7_4_21,AU,0
KC493,493,Kaga/Cab_F2,24379,54.9578620689655,0.150163492512049,365.986839741063,4.53351495931384e-53,56.3,0.86,0.16,55.98,1.51,7_4_21,AU,0
KC494,494,Kaga/Cab_F2,24458,51.7948045977012,0.111620797913836,464.0246760974,5.89905289914214e-56,54.82,1.75,0.32,54.62,3.23,7_4_21,AU,0
KC495,495,Kaga/Cab_F2,NA,53.7677701149425,0.323759074238541,166.073399614824,1.82108700483518e-43,60.51,3.92,0.73,59.3,7.08,7_4_21,AU,0
KC496,496,Kaga/Cab_F2,25101,65.516183908046,0.388237454744865,168.752867883653,1.16382605212981e-43,65.35,1.02,0.19,65.18,1.73,7_4_21,DB,-1
KC497,497,Kaga/Cab_F2,22951,70.7769195402299,0.216134028838111,327.467728801018,1.01963329834528e-51,69.42,0.96,0.18,69.7,1.73,7_4_21,DB,-1
KC498,498,Kaga/Cab_F2,25180,60.7394482758621,0.0994605915826019,610.688588408587,2.69960914929632e-59,62.17,0.85,0.16,61.86,1.42,7_4_21,DB,-1
KC499,499,Kaga/Cab_F2,25415,60.732183908046,0.233842940341753,259.713565948529,6.70513575930346e-49,63.19,1.52,0.28,63.06,2.86,7_4_21,DB,-1
KC500,500,Kaga/Cab_F2,23347,64.3859770114943,0.289741562483789,222.21864360622,5.26636809919046e-47,66.89,1.61,0.3,65.93,2.94,7_4_21,DB,-1
KC501,501,Kaga/Cab_F2,19669,63.9676781609195,1.24942797285169,51.1975716494643,3.26033995468194e-29,64.79,3.31,0.62,64.72,6.26,7_4_21,DB,NA
KC502,502,Kaga/Cab_F2,26300,56.6115632183908,0.374255594028922,151.264440990603,2.4824297316133702e-42,60.6,2.47,0.46,59.45,3.84,7_4_21,DB,NA
KC503,503,Kaga/Cab_F2,17534,59.2012413793103,0.175999298305872,336.372030736302,4.81155904417062e-52,61.56,1.42,0.26,61.71,1.13,7_4_21,DB,NA
KC504,504,Kaga/Cab_F2,18166,64.5877011494253,0.0438373247705999,1473.34951408216,5.27301382036037e-70,67.95,1.91,0.36,68.04,3.17,7_4_21,DB,NA
KC505,505,Kaga/Cab_F2,25101,63.0942988505747,0.104932782073703,601.283008071382,4.16899562075565e-59,63.14,0.28,0.05,63.22,0.31,14_4_21,AU,NA
KC506,506,Kaga/Cab_F2,24797,53.8238850574713,0.249281917185136,215.915721706751,1.17817078520987e-46,56.94,1.88,0.35,56.13,2.86,14_4_21,AU,NA
KC507,507,Kaga/Cab_F2,23253,54.8319658119658,0.059465942672323,922.073431411119,3.57756022646817e-58,56.92,1.19,0.23,56.88,2.11,14_4_21,AU,NA
KC508,508,Kaga/Cab_F2,20910,54.4769195402299,0.159838733994138,340.824268179126,3.32985879859687e-52,55.45,0.69,0.13,55.08,1.36,14_4_21,AU,NA
KC509,509,Kaga/Cab_F2,17942,57.2381149425287,0.282533422466688,202.588828050166,7.0057482063167e-46,55.4,1.28,0.24,54.77,1.96,14_4_21,AU,NA
KC510,510,Kaga/Cab_F2,17871,56.976,0.141642755792704,402.251422468688,3.21919447780719e-54,58.24,0.81,0.15,57.94,1.5,14_4_21,AU,NA
KC511,511,Kaga/Cab_F2,16412,59.7676551724138,0.259769211544524,230.079826693279,1.99062545903081e-47,61.38,1.14,0.21,61.11,1.73,14_4_21,AU,NA
KC512,512,Kaga/Cab_F2,23230,57.2566436781609,0.167017872028632,342.8174660754,2.82835689487704e-52,61.08,2.22,0.41,60.65,3.84,14_4_21,AU,0
KC513,513,Kaga/Cab_F2,25201,52.7067816091954,0.928058572005183,56.7925163336577,1.83544940607738e-30,56.94,3.42,0.64,57.19,6.03,14_4_21,AU,-1
KC514,514,Kaga/Cab_F2,25203,55.3052183908046,0.10346626849431,534.524141980106,1.12469721097874e-57,57.16,1.09,0.2,56.88,2.26,14_4_21,AU,0
KC515,515,Kaga/Cab_F2,29829,64.9306436781609,0.278740307918732,232.943143971455,1.40820706269489e-47,63.17,1.24,0.23,62.61,1.13,14_4_21,DB,0
KC516,516,Kaga/Cab_F2,21185,67.5430804597701,0.232143016020113,290.954609006709,2.79027008425727e-50,71.05,2.09,0.39,71.96,3.84,14_4_21,DB,0
KC517,517,Kaga/Cab_F2,24594,60.8468965517241,0.0677662042402033,897.89441852235,5.548619491424e-64,63.41,1.47,0.27,63.52,2.63,14_4_21,DB,0
KC518,518,Kaga/Cab_F2,28657,60.373724137931,0.168520480737731,358.257488191545,8.24037297491903e-53,63.7,1.94,0.36,63.37,4.07,14_4_21,DB,0
KC519,519,Kaga/Cab_F2,28596,59.1236551724138,0.156905948953411,376.80951912135,2.00505136433956e-53,63.1,2.29,0.43,62.76,4.14,14_4_21,DB,0
KC520,520,Kaga/Cab_F2,23968,65.6613793103448,0.250012825269983,262.632043933901,4.90428030201883e-49,69.99,2.54,0.47,69.25,4.14,14_4_21,DB,-1
KC521,521,Kaga/Cab_F2,26129,59.1893333333333,0.0941146644739058,628.906596694547,1.18540952160666e-59,60.8,0.94,0.18,61.11,1.73,17_4_21,DB,0
KC522,522,Kaga/Cab_F2,22719,55.0747816091954,0.561600177782145,98.0676000258674,4.51746042500623e-37,58.87,2.61,0.49,57.49,5.13,17_4_21,DB,-1
KC523,523,Kaga/Cab_F2,29258,59.0638095238095,0.188116821557678,313.974098832517,4.61590591875374e-48,59.77,0.62,0.12,59.9,0.6,17_4_21,DB,0
KC524,524,Kaga/Cab_F2,25731,58.2894252873563,0.0538256245174936,1082.93077525579,2.92238121046461e-66,60.09,1.03,0.19,60.05,1.73,18_4_21,DB,0
KC525,525,Kaga/Cab_F2,27353,62.2778390804598,0.11631140711917,535.440509430443,1.07203356711413e-57,65.39,1.79,0.33,65.33,2.94,18_4_21,DB,0
KC526,526,Kaga/Cab_F2,21890,62.2749425287357,0.218641111392679,284.82723185984,5.06274705421413e-50,61.95,0.6,0.11,62.01,1.2,18_4_21,DB,-1
KC527,527,Kaga/Cab_F2,21781,61.6577011494253,0.0505942968019245,1218.66900118829,1.07098766795059e-67,62.32,0.4,0.07,62.31,0.6,18_4_21,DB,0
KC528,528,Kaga/Cab_F2,22951,65.3616321839081,0.178832743373006,365.490295295521,4.70913407728283e-53,65.33,0.47,0.09,65.33,0.6,18_4_21,DB,0
KC529,529,Kaga/Cab_F2,19238,60.4437931034483,0.33304877738221,181.486308337599,1.52080700988425e-44,62.7,1.55,0.29,62.16,2.64,18_4_21,DB,0
KC530,530,Kaga/Cab_F2,28251,60.056091954023,0.223755458555243,268.400567037767,2.66978732124796e-49,63.33,1.95,0.36,63.06,3.92,18_4_21,DB,0
KC531,531,Kaga/Cab_F2,21593,67.7449425287356,0.235355423409574,287.841008918853,3.77082185849709e-50,66.23,1.06,0.2,66.08,1.73,18_4_21,DB,-1
KC532,532,Kaga/Cab_F2,24400,61.4641609195402,0.228793156511644,268.645102225389,2.60259668831495e-49,69.49,4.6,0.85,69.09,8.81,19_4_21,AU,0
KC533,533,Kaga/Cab_F2,20532,58.7679540229885,0.165339302785325,355.438501511599,1.02799040400822e-52,62.47,2.15,0.4,62.91,2.64,19_4_21,AU,-1
KC534,534,Kaga/Cab_F2,19481,60.0750574712644,0.14188114473407001,423.418189808547,7.66006599490292e-55,62.83,1.61,0.3,62.76,3.46,19_4_21,AU,-1
KC535,535,Kaga/Cab_F2,17457,50.7542988505747,0.605055894226805,83.8836532869961,3.53500151039412e-35,57.7,4.25,0.79,59.3,8.29,19_4_21,AU,-1
KC536,536,Kaga/Cab_F2,16029,57.5657471264368,0.150004924947855,383.759047554257,1.20209213946702e-53,59.89,1.38,0.26,59.9,1.13,19_4_21,AU,-1
KC537,537,Kaga/Cab_F2,21967,66.6306436781609,0.158040292239903,421.605419313047,8.63769258014307e-55,71.85,2.99,0.56,72.26,5.19,19_4_21,AU,0
KC538,538,Kaga/Cab_F2,23246,63.4183218390804,0.0766015160716068,827.899042883136,5.38381252828751e-63,64.55,0.68,0.13,64.72,1.21,19_4_21,AU,-1
KC539,539,Kaga/Cab_F2,22327,55.3999770114942,0.148941383109986,371.958255353276,2.88183862441265e-53,57.28,1.13,0.21,56.88,1.73,20_4_21,AU,-1
KC540,540,Kaga/Cab_F2,NA,54.5711954022989,0.335128734417264,162.836515636863,3.15822502080446e-43,59.89,3.15,0.58,61.1,5.58,20_4_21,AU,-1
KC541,541,Kaga/Cab_F2,20272,54.8970574712644,0.294748633820037,186.250422130141,7.36598891598878e-45,56.01,1,0.19,55.83,0.3,20_4_21,AU,0
KC542,542,Kaga/Cab_F2,21503,58.0038620689656,0.398963092251512,145.38653623729,7.52036268083001e-42,60.47,1.75,0.32,59.9,3.54,20_4_21,AU,0
KC543,543,Kaga/Cab_F2,19898,60.8283908045977,0.115953787757591,524.591666912712,1.90151542189172e-57,62.28,0.88,0.16,62.61,1.12,20_4_21,AU,-1
KC544,544,Kaga/Cab_F2,21869,56.7593563218391,0.0755720296262407,751.063013691122,8.23126210884743e-62,58.23,0.86,0.16,57.94,1.2,20_4_21,AU,-1
KC545,545,Kaga/Cab_F2,18924,54.8110574712644,0.258280251430882,212.215441047502,1.91112084937439e-46,56.02,0.96,0.18,55.98,0.9,20_4_21,AU,0
KC546,546,Kaga/Cab_F2,25758,57.6676321839081,0.081217987547246,710.035226499078,3.96764842627484e-61,58.97,0.77,0.14,58.99,1.73,20_4_21,AU,0
KC547,547,Kaga/Cab_F2,22780,56.614275862069,0.203286261540291,278.495336738967,9.49889870043867e-50,58.56,1.23,0.23,58.84,0.82,14_7_21,AU,-1
KC548,548,Kaga/Cab_F2,23204,57.3229195402299,0.255665349645441,224.21074901126,4.10245566502049e-47,59.34,1.33,0.25,58.89,2.51,14_7_21,AU,-1
KC549,549,Kaga/Cab_F2,21963,57.877816091954,0.0418301163163569,1383.63985541494,3.06171630136135e-69,58.85,0.56,0.1,58.89,0.76,14_7_21,AU,-1
KC550,550,Kaga/Cab_F2,20640,52.9965287356322,0.282139206107096,187.838228748384,5.80875074935785e-45,55.97,1.84,0.34,54.92,2.34,14_7_21,AU,-1
KC551,551,Kaga/Cab_F2,21472,55.1142068965517,0.382941870520555,143.923167298556,9.97923754537098e-42,55.16,1.01,0.19,54.77,1.44,14_7_21,AU,0
KC552,552,Kaga/Cab_F2,22365,52.822,0.140973775886078,374.693801510191,2.34737444319841e-53,55.69,1.67,0.31,55.68,2.27,14_7_21,AU,-1
KC553,553,Kaga/Cab_F2,28077,56.8926666666667,0.0603535408065054,942.656651232206,1.4210601746883e-64,59.45,1.46,0.27,59.45,2.63,14_7_21,AU,-1
KC554,554,Kaga/Cab_F2,24877,56.2111494252873,0.651140873352967,86.3271708560318,1.58681042187743e-35,57,1.77,0.33,57.64,3.23,14_7_21,AU,-1
KC555,555,Kaga/Cab_F2,22763,55.9794712643678,0.068467543154281,817.605958756644,7.64217814099199e-63,57.03,0.62,0.12,56.78,1.21,14_7_21,AU,-1
KC556,556,Kaga/Cab_F2,23698,58.8902528735632,0.500975423456917,117.551181387699,2.86050865640056e-39,62.61,2.49,0.46,61.41,3.99,15_7_21,AU,-1
KC557,557,Kaga/Cab_F2,21168,55.8099540229885,0.0472298210603173,1181.66769998373,2.53926843607107e-67,59.51,2.1,0.39,59.45,3.54,15_7_21,AU,-1
KC558,558,Kaga/Cab_F2,22849,56.6686896551724,0.138472211589954,409.242323817148,1.98727954005588e-54,59.84,1.84,0.34,59.45,3.24,15_7_21,AU,-1
KC559,559,Kaga/Cab_F2,23146,57.1295172413793,0.265742654105094,214.980607587317,1.3303225082733e-46,61.72,2.7,0.5,62.61,5.05,15_7_21,AU,-1
KC560,560,Kaga/Cab_F2,24475,54.5355632183908,0.0651555235286769,837.005986060231,3.96334600181866e-63,57.61,1.75,0.33,57.49,2.94,15_7_21,AU,0
KC561,561,Kaga/Cab_F2,24117,58.8758620689655,0.0550180036756185,1070.11992685327,4.07797292786376e-66,61.19,1.32,0.25,61.11,2.03,15_7_21,AU,-1
KC562,562,Kaga/Cab_F2,21243,54.3648965517241,0.556086716535033,97.7633432614087,4.92690344566987e-37,55.66,1.63,0.3,55.38,2.56,15_7_21,AU,-1
KC563,563,Kaga/Cab_F2,21421,66.1959310344828,0.509093858535137,130.026968356983,1.70621882372369e-40,63.26,2.14,0.4,63.97,3.99,15_7_21,AU,-1
KC564,564,Kaga/Cab_F2,23309,48.1204137931034,0.511055736190777,94.1588370610521,1.40622058750343e-36,53.94,3.57,0.66,55.53,5.35,15_7_21,AU,-1
KC565,565,Kaga/Cab_F2,26767,57.9104597701149,0.0449927405973488,1287.10674213803,2.31947402769775e-68,61.59,2.09,0.39,61.71,3.25,15_7_21,AU,-1
KC566,566,Kaga/Cab_F2,21777,61.5794712643678,0.0925011844217788,665.715489475066,2.41125319650095e-60,63.11,0.9,0.17,63.22,0.91,15_7_21,DB,0
KC567,567,Kaga/Cab_F2,22970,64.8354252873563,0.104843125946616,618.404160520447,1.89949907119117e-59,67.51,1.54,0.29,67.29,2.63,15_7_21,DB,-1
KC568,568,Kaga/Cab_F2,20942,NA,NA,NA,NA,NA,NA,NA,NA,NA,NA,NA,NA
KC569,569,Kaga/Cab_F2,21635,63.1860923076923,0.205872542310541,306.918502091365,1.20231012549586e-44,64.03,0.69,0.14,63.82,0.82,15_7_21,DB,-1
KC570,570,Kaga/Cab_F2,19293,67.8802068965517,0.110068104669568,616.710963637765,2.05105477922717e-59,70.27,1.39,0.26,70.45,1.73,15_7_21,DB,0
KC571,571,Kaga/Cab_F2,23483,66.5717471264368,0.0629809665252052,1057.01374239461,5.75826494089465e-66,67.21,0.4,0.07,67.14,0.83,15_7_21,DB,-1
KC572,572,Kaga/Cab_F2,21281,64.1602298850575,0.170303021853673,376.74158207354,2.0151979813076e-53,64.63,0.52,0.1,64.42,0.52,15_7_21,DB,0
KC573,573,Kaga/Cab_F2,24977,64.7864367816092,0.0987675202734058,655.94880384026,3.64716799184025e-60,66.22,0.86,0.16,66.23,0.9,15_7_21,DB,-1
KC574,574,Kaga/Cab_F2,23996,61.6306436781609,0.300238931870599,205.271992190284,4.84798035107081e-46,64.21,1.66,0.31,63.67,3.17,15_7_21,DB,-1
KC575,575,Kaga/Cab_F2,22225,58.8185057471264,0.0830261244104328,708.433714867407,4.22659449410411e-61,62.24,1.96,0.36,62.46,3.77,15_7_21,DB,0
KC576,576,Kaga/Cab_F2,22587,55.8242298850574,0.71443210022082,78.1379082320112,2.55666768133513e-34,61.72,3.84,0.71,59.75,4.9,16_7_21,AU,-1
KC577,577,Kaga/Cab_F2,22514,54.7572222222222,0.959032413840716,57.0963206581636,7.41092798296554e-29,63.79,5.67,1.09,60.5,8.74,16_7_21,AU,-1
KC578,578,Kaga/Cab_F2,24054,53.753,0.686397370308597,78.311780209521,1.99643840863076e-29,54.17,1.65,0.34,53.57,3.62,16_7_21,AU,-1
KC579,579,Kaga/Cab_F2,21526,56.1042298850575,0.199840316088393,280.745301965203,7.58331611491286e-50,58.8,1.62,0.3,58.39,2.04,16_7_21,AU,-1
KC580,580,Kaga/Cab_F2,21534,59.4721379310345,0.213091225769983,279.092382692614,8.94624438174731e-50,64.26,2.78,0.52,63.67,4.59,16_7_21,AU,-1
KC581,581,Kaga/Cab_F2,19835,56.2169195402299,0.0927683269867743,605.992598618756,3.35091645464723e-59,58.96,1.58,0.29,58.69,2.34,16_7_21,AU,-1
KC582,582,Kaga/Cab_F2,21764,62.6779770114943,0.391439109359047,160.121907885303,5.0542919259484e-43,63.59,1.15,0.21,63.82,1.51,16_7_21,AU,NA
KC583,583,Kaga/Cab_F2,22141,60.1022298850575,0.0639498288635335,939.83410046825,1.54552773907518e-64,62.52,1.38,0.26,62.31,2.34,16_7_21,DB,-1
KC584,584,Kaga/Cab_F2,23115,62.8644827586207,0.280139602197218,224.404126605292,4.00466385460732e-47,63.82,0.91,0.17,63.52,0.6,16_7_21,DB,-1
KC585,585,Kaga/Cab_F2,21446,61.3723678160919,0.758579057160335,80.9043793613724,9.69150321224123e-35,62.25,2.05,0.38,62.91,3.55,16_7_21,DB,-1
KC586,586,Kaga/Cab_F2,29300,NA,NA,NA,NA,NA,NA,NA,NA,NA,NA,NA,NA
KC587,587,Kaga/Cab_F2,20950,60.4088045977011,0.346488655048043,174.345692759623,4.67488416672557e-44,65.13,2.83,0.53,65.33,5.73,16_7_21,DB,-1
KC588,588,Kaga/Cab_F2,23805,63.7703448275862,0.1032596312707,617.572850520929,1.97240334725447e-59,65.07,0.79,0.15,64.72,0.91,16_7_21,DB,-1
KC589,589,Kaga/Cab_F2,23770,59.7471954022989,0.11702007202406,510.572198161139,4.05942814955084e-57,61.8,1.2,0.22,61.56,2.26,16_7_21,DB,-1
KC590,590,Kaga/Cab_F2,21363,63.0197931034482,0.105572073943102,596.936204335746,5.10802604951102e-59,63.84,0.54,0.1,64.12,1.12,16_7_21,DB,-1
KC591,591,Kaga/Cab_F2,25337,59.9954252873563,0.540205271132574,111.060421831079,1.39864859342743e-38,60.9,1.51,0.28,60.95,2.03,16_7_21,DB,-1
KC592,592,Kaga/Cab_F2,26489,61.4212183908046,0.353018858909996,173.988490531222,4.95094706808535e-44,65.97,2.74,0.51,64.57,5.04,21_7_21,AU,0
KC593,593,Kaga/Cab_F2,24741,66.0385057471264,0.054759983899341,1205.96284083132,1.43626173697788e-67,70.45,2.51,0.47,70.3,4.07,21_7_21,AU,-1
KC594,594,Kaga/Cab_F2,23046,65.5645287356322,0.0525003777202974,1248.83918140429,5.40018593391191e-68,69.51,2.24,0.42,69.55,3.47,21_7_21,AU,-1
KC595,595,Kaga/Cab_F2,17610,68.9827816091954,0.0918192722348962,751.288699312716,8.16231111326032e-62,70.09,0.67,0.12,70.15,0.6,21_7_21,AU,0
KC596,596,Kaga/Cab_F2,23014,68.710091954023,0.0742042355138139,925.959164975588,2.34386920602659e-64,71.26,1.46,0.27,71.36,2.26,21_7_21,AU,-1
KC597,597,Kaga/Cab_F2,23502,63.679816091954,0.108556136289811,586.607245507972,8.32703921526073e-59,65.97,1.33,0.25,66.38,2.34,21_7_21,AU,0
KC598,598,Kaga/Cab_F2,22893,62.7164597701149,0.210449827775316,298.011456854568,1.42666185439232e-50,67.29,2.65,0.49,67.89,5.35,21_7_21,AU,0
KC599,599,Kaga/Cab_F2,25084,69.2535172413793,0.0877322573722793,789.373479215426,2.04419208488302e-62,71.68,1.4,0.26,71.81,2.11,21_7_21,AU,0
KC600,600,Kaga/Cab_F2,20368,61.2219310344827,0.330714077471497,185.120426389346,8.73322966200306e-45,66.05,2.88,0.53,65.03,4.67,21_7_21,AU,-1
KC601,601,Kaga/Cab_F2,23975,57.9612698412698,0.589620115630591,98.302734768947,5.80227284882064e-35,64.58,4.04,0.78,63.67,4.15,21_7_21,DB,0
KC602,602,Kaga/Cab_F2,22093,57.9224827586207,0.224068433398369,258.503537870686,7.64139630977226e-49,63.02,2.95,0.55,62.46,4.38,21_7_21,DB,-1
KC603,603,Kaga/Cab_F2,21831,58.0626436781609,0.645262980687449,89.982914588254,4.98798643281362e-36,62.05,2.83,0.53,60.95,5.35,21_7_21,DB,-1
KC604,604,Kaga/Cab_F2,28377,58.8180689655173,0.455824566674666,129.036636604752,2.11278966271931e-40,63.17,2.74,0.51,62.16,2.86,21_7_21,DB,-1
KC605,605,Kaga/Cab_F2,24450,63.2670804597701,0.159686484690867,396.1955865097,4.92241965726139e-54,68.29,2.88,0.54,67.89,4.37,21_7_21,DB,-1
KC606,606,Kaga/Cab_F2,25963,60.2083448275862,0.242540421526694,248.240455956162,2.37462501357028e-48,64.07,2.28,0.42,64.88,4.45,21_7_21,DB,-1
KC607,607,Kaga/Cab_F2,21375,61.739908045977,0.128657673638255,479.877385468435,2.30321314655481e-56,64.68,1.71,0.32,64.27,2.71,21_7_21,DB,-1
KC608,608,Kaga/Cab_F2,29953,63.5011034482759,0.503971221982149,126.001447460675,4.10984264367873e-40,62.87,1.37,0.25,62.76,2.26,21_7_21,DB,-1
KC609,609,Kaga/Cab_F2,27497,64.4152183908046,0.247484213728703,260.280110073679,6.30841826202735e-49,68.07,2.18,0.4,67.29,4.14,21_7_21,DB,-1
KC610,610,Kaga/Cab_F2,23043,70.8686206896552,0.139871817333768,506.668334197343,5.03257551290408e-57,69.33,0.95,0.18,69.7,1.81,22_7_21,DB,-1
KC611,611,Kaga/Cab_F2,24776,65.3082068965517,0.139501592549126,468.153844720829,4.60325681157575e-56,66.12,0.59,0.11,65.93,0.3,22_7_21,DB,0
KC612,612,Kaga/Cab_F2,19630,64.006091954023,0.253451454577125,252.537875786962,1.46883886393043e-48,65.54,1.1,0.2,65.03,1.44,22_7_21,DB,-1
KC613,613,Kaga/Cab_F2,24735,NA,NA,NA,NA,NA,NA,NA,NA,NA,NA,NA,NA
KC614,614,Kaga/Cab_F2,25293,65.6346436781609,0.121291102629498,541.133209734698,7.97292072669032e-58,67.37,1.03,0.19,67.74,1.81,22_7_21,DB,-1
KC615,615,Kaga/Cab_F2,25009,63.8566896551724,0.268854517325492,237.513917528355,8.17497475093603e-48,64.37,0.76,0.14,64.27,1.21,22_7_21,DB,-1
KC616,616,Kaga/Cab_F2,26122,64.6362068965517,0.131668594145085,490.900714146986,1.21952645150229e-56,66.95,1.36,0.25,66.98,2.71,22_7_21,DB,-1
KC617,617,Kaga/Cab_F2,22665,62.9274022988506,0.135917758651007,462.981459695989,6.28272690754801e-56,63.28,0.41,0.08,63.22,0.53,22_7_21,DB,-1
KC618,618,Kaga/Cab_F2,22886,65.1011724137931,0.149681273788745,434.931977567713,3.61434217343476e-55,65.09,0.39,0.07,65.03,0.61,22_7_21,DB,-1
KC619,619,Kaga/Cab_F2,22792,65.3577931034482,0.218297598773495,299.397673042035,1.25286789815736e-50,65.39,0.57,0.11,65.33,0.9,22_7_21,DB,-1
KC620,620,Kaga/Cab_F2,25182,67.9564923076923,0.174154200215078,390.208747327179,3.78380660939727e-47,65.11,1.67,0.33,65.48,3.53,23_8_21,DB,-1
KC621,621,Kaga/Cab_F2,25337,59.7199999999999,0.770693903964888,77.4886108385784,2.95684376565299e-33,68.31,5.26,0.99,71.06,10.55,23_8_21,DB,-1
KC622,622,Kaga/Cab_F2,23588,64.8685287356322,0.138898914860722,467.019694147199,4.92670699126159e-56,65.7,0.6,0.11,65.93,0.83,23_8_21,DB,-1
KC623,623,Kaga/Cab_F2,22053,61.1385517241379,0.0914801669309453,668.325756011016,2.16101953689338e-60,64.62,1.99,0.37,64.57,3.77,23_8_21,DB,-1
KC624,624,Kaga/Cab_F2,23104,62.1066666666667,0.245768140280885,252.704303314847,1.44200360110121e-48,64.6,1.56,0.29,65.18,2.94,23_8_21,DB,-1
KC625,625,Kaga/Cab_F2,22476,58.8811954022989,0.142600742243594,412.909459487362,1.54809000140004e-54,61.33,1.44,0.27,60.8,2.33,23_8_21,DB,-1
KC626,626,Kaga/Cab_F2,23027,61.8693103448276,0.113566059268629,544.786978990634,6.60380263148889e-58,62.07,0.32,0.06,62.01,0.6,23_8_21,DB,-1
KC627,627,Kaga/Cab_F2,22028,64.6034942528736,0.668889023489712,96.5832776202931,6.9155532554499e-37,63.43,1.88,0.35,63.67,3.47,23_8_21,DB,-1
KC628,628,Kaga/Cab_F2,25932,59.8700459770115,0.0972380329576982,615.706058174347,2.14687437989466e-59,61.9,1.18,0.22,62.01,1.43,23_8_21,DB,0
KC629,629,Kaga/Cab_F2,26242,66.5067126436781,0.134945965525728,492.839577564089,1.09210156539011e-56,68.49,1.18,0.22,68.64,1.73,23_8_21,DB,-1
KC630,630,Kaga/Cab_F2,21698,55.1040689655172,0.137256717982551,401.467190644339,3.39996202596477e-54,57.2,1.24,0.23,57.64,2.41,28_8_21,AU,-1
KC631,631,Kaga/Cab_F2,24672,58.0125747126436,0.330979468334625,175.275448367063,4.02857905205347e-44,61.12,1.97,0.36,59.9,2.93,28_8_21,AU,-1
KC632,632,Kaga/Cab_F2,22725,62.6285747126437,0.160189884526972,390.964603648857,7.14121017179293e-54,61.41,0.81,0.15,61.41,1.73,28_8_21,AU,-1
KC633,633,Kaga/Cab_F2,22750,58.2989655172414,0.504920634511483,115.461641954178,4.72181243164975e-39,58.68,1.34,0.25,58.99,1.43,28_8_21,AU,-1
KC634,634,Kaga/Cab_F2,22384,58.6279770114943,0.0465031887861462,1260.73025402852,4.14163903822507e-68,61.65,1.72,0.32,61.71,2.63,28_8_21,AU,-1
KC635,635,Kaga/Cab_F2,21285,56.2868505747126,0.263136920221375,213.907081253968,1.53037057190365e-46,56.62,0.72,0.13,56.43,1.21,28_8_21,AU,0
KC636,636,Kaga/Cab_F2,24624,56.2308965517241,0.195990844142217,286.905731733679,4.13047000417809e-50,58.13,1.19,0.22,58.39,1.65,28_8_21,AU,0
KC637,637,Kaga/Cab_F2,23085,58.3008275862069,0.0948928122034353,614.386129280467,2.27982469391586e-59,59.65,0.8,0.15,59.9,1.44,28_8_21,AU,-1
KC638,638,Kaga/Cab_F2,22259,58.0029655172414,0.344074797780863,168.576617326627,1.19834856015422e-43,61.79,2.33,0.43,62.91,4.45,28_8_21,AU,0
KC639,639,Kaga/Cab_F2,24485,58.1786666666667,0.131377156985855,442.837004555752,2.18287177616837e-55,59.98,1.08,0.2,60.05,2.12,28_8_21,AU,-1
KC640,640,Kaga/Cab_F2,25379,62.5871034482758,0.416034363371119,150.437341139644,2.89381853229277e-42,63.66,1.25,0.23,63.52,2.11,28_8_21,DB,-1
KC641,641,Kaga/Cab_F2,24350,61.93491954023,0.323430592653931,191.4936958561,3.38754494617562e-45,65.38,2.13,0.4,66.38,3.17,28_8_21,DB,-1
KC642,642,Kaga/Cab_F2,24530,60.8291954022988,0.433452678817264,140.336415888073,2.02104409158278e-41,63.47,1.88,0.35,64.27,2.04,28_8_21,DB,-1
KC643,643,Kaga/Cab_F2,24921,61.5001379310345,0.0353509050261875,1739.70476528044,5.02720758211055e-72,64.26,1.57,0.29,64.27,2.57,28_8_21,DB,0
KC644,644,Kaga/Cab_F2,25356,60.9563908045977,0.228181056453495,267.140453077099,3.04565463558901e-49,65.19,2.48,0.46,66.08,3.77,28_8_21,DB,-1
KC645,645,Kaga/Cab_F2,24077,60.6009885057472,0.180337792725737,336.041534000092,4.94580145470356e-52,62.21,1.03,0.19,61.71,0.9,28_8_21,DB,-1
KC646,646,Kaga/Cab_F2,22702,NA,NA,NA,NA,NA,NA,NA,NA,NA,NA,NA,NA
KC647,647,Kaga/Cab_F2,25099,61.6828505747126,0.0578636187851039,1066.00402584209,4.54259694377129e-66,63.91,1.27,0.24,63.82,2.12,28_8_21,DB,-1
KC648,648,Kaga/Cab_F2,25884,63.5848965517241,0.287390191645548,221.249362017708,5.95167205557706e-47,68.69,3,0.56,69.4,5.95,28_8_21,DB,0
