fish,strain,intercept,mean,sd,sem,Date_of_imaging,Microscope,unsegmented_psm_area,reporter_pheno
KC1,Kaga/Cab_F2,56.67,57.9,0.97,0.18,11_11_20,AU,26846,-1
KC2,Kaga/Cab_F2,60.26,58.14,2.65,0.49,11_11_20,AU,29842,0
KC3,Kaga/Cab_F2,58.6,60.91,1.4,0.26,19_11_20,AU,27968,-1
KC4,Kaga/Cab_F2,55.14,57.79,1.79,0.33,19_11_20,AU,23456,0
KC5,Kaga/Cab_F2,56.67,60.52,2.24,0.42,19_11_20,AU,27914,0
KC6,Kaga/Cab_F2,60.7,62.91,1.39,0.26,19_11_20,AU,22744,-1
KC7,Kaga/Cab_F2,60.52,62.39,1.23,0.23,19_11_20,AU,24776,-1
KC8,Kaga/Cab_F2,55.08,57.89,1.6,0.3,19_11_20,AU,24638,0
KC9,Kaga/Cab_F2,56.7,58.39,0.99,0.18,19_11_20,AU,26466,-1
KC10,Kaga/Cab_F2,58.3,62.27,2.3,0.43,19_11_20,AU,24140,-1
KC11,Kaga/Cab_F2,62.74,62.71,0.73,0.14,19_11_20,AU,27456,-1
KC31,Kaga/Cab_F2,47.12,54.49,4.33,0.8,28_11_20,AU,24515,-1
KC32,Kaga/Cab_F2,53.33,58.59,3.03,0.56,28_11_20,AU,24845,0
KC33,Kaga/Cab_F2,59.34,60.41,1.32,0.24,28_11_20,AU,23820,0
KC34,Kaga/Cab_F2,57.34,60.15,1.67,0.31,28_11_20,AU,21053,0
KC35,Kaga/Cab_F2,57.65,60.82,1.82,0.34,28_11_20,AU,23518,0
KC36,Kaga/Cab_F2,61.7,61.01,0.87,0.16,28_11_20,AU,20211,-1
KC37,Kaga/Cab_F2,60.6,66,3.08,0.57,28_11_20,AU,24310,0
KC38,Kaga/Cab_F2,57.088,62.72,3.21,0.6,28_11_20,AU,19403,-1
KC39,Kaga/Cab_F2,58.2,68.61,5.92,1.16,28_11_20,AU,25115,0
KC40,Kaga/Cab_F2,53.07,57.46,2.5,0.46,28_11_20,AU,20994,0
KC41,Kaga/Cab_F2,53.16,53.8,1.4,0.26,29_11_20,AU,26093,0
KC42,Kaga/Cab_F2,50.92,55.8,2.87,0.53,29_11_20,AU,25009,0
KC43,Kaga/Cab_F2,52.98,55.53,2.03,0.4,29_11_20,AU,26813,-1
KC44,Kaga/Cab_F2,54.1,55.58,0.87,0.16,29_11_20,AU,25425,0
KC45,Kaga/Cab_F2,59.42,68.79,7.32,1.36,29_11_20,AU,27774,-1
KC46,Kaga/Cab_F2,54.46,56.25,1.07,0.2,29_11_20,AU,24408,-1
KC47,Kaga/Cab_F2,53.48,54.46,0.67,0.12,29_11_20,AU,27211,0
KC48,Kaga/Cab_F2,54.84,56.59,1.01,0.19,29_11_20,AU,27395,-1
KC49,Kaga/Cab_F2,56.79,57.64,0.61,0.11,29_11_20,AU,28132,-1
KC50,Kaga/Cab_F2,53.09,55.18,1.22,0.23,29_11_20,AU,26204,0
KC51,Kaga/Cab_F2,55.36,55.78,0.39,0.07,1_12_20,AU,28370,0
KC52,Kaga/Cab_F2,58.59,60.33,1.03,0.19,1_12_20,AU,25836,-1
KC53,Kaga/Cab_F2,56.09,56.39,0.41,0.08,1_12_20,AU,24347,0
KC54,Kaga/Cab_F2,54.56,56.4,1.13,0.21,1_12_20,AU,24132,0
KC55,Kaga/Cab_F2,54.88,55.68,0.79,0.15,1_12_20,AU,25723,-1
KC62,Kaga/Cab_F2,55.51,56.47,0.8,0.15,3_12_20,AU,25289,0
KC63,Kaga/Cab_F2,55.68,57.73,1.22,0.23,3_12_20,AU,28316,-1
KC64,Kaga/Cab_F2,58.22,61.26,1.74,0.32,3_12_20,AU,23991,-1
KC65,Kaga/Cab_F2,64.41,66.31,1.09,0.2,3_12_20,AU,23878,-1
KC66,Kaga/Cab_F2,66.84,68.86,1.35,0.25,3_12_20,AU,25453,0
KC67,Kaga/Cab_F2,62.27,64.33,1.2,0.22,3_12_20,AU,23797,0
KC68,Kaga/Cab_F2,65.68,66.99,0.88,0.16,3_12_20,AU,23322,0
KC69,Kaga/Cab_F2,58.58,60.94,1.38,0.26,3_12_20,AU,21899,0
KC70,Kaga/Cab_F2,62.41,63.9,0.91,0.17,3_12_20,AU,24933,-1
KC71,Kaga/Cab_F2,59.82,62.43,1.58,0.29,3_12_20,AU,21264,0
KC72,Kaga/Cab_F2,61.57,62.86,0.74,0.14,8_12_20,AU,20247,-1
KC73,Kaga/Cab_F2,60.45,63,1.47,0.27,8_12_20,AU,26441,0
KC74,Kaga/Cab_F2,55.63,58.81,1.97,0.37,8_12_20,AU,22173,-1
KC75,Kaga/Cab_F2,54.21,60.7,4.13,0.77,8_12_20,AU,23330,-1
KC76,Kaga/Cab_F2,56.35,59.12,1.59,0.29,8_12_20,AU,26432,0
KC77,Kaga/Cab_F2,58.63,56.42,1.67,0.31,8_12_20,AU,27135,0
KC78,Kaga/Cab_F2,57.15,63.44,3.61,0.75,8_12_20,AU,26738,-1
KC79,Kaga/Cab_F2,55.9,59.45,2.12,0.39,11_12_20,AU,26331,0
KC80,Kaga/Cab_F2,57.32,57.21,0.68,0.13,11_12_20,AU,24921,-1
KC81,Kaga/Cab_F2,56.9,58.49,1.44,0.27,11_12_20,AU,27994,0
KC82,Kaga/Cab_F2,57.96,57.9,0.18,0.03,11_12_20,AU,24789,-1
KC83,Kaga/Cab_F2,61.08,65.67,2.98,0.55,11_12_20,AU,24504,-1
KC84,Kaga/Cab_F2,58.79,63.23,2.58,0.48,11_12_20,AU,22838,0
KC85,Kaga/Cab_F2,63.46,63.71,0.52,0.1,11_12_20,AU,31162,0
KC86,Kaga/Cab_F2,58.17,62.27,2.34,0.43,11_12_20,AU,24919,0
KC87,Kaga/Cab_F2,55.91,58.05,1.23,0.23,11_12_20,AU,25532,0
KC88,Kaga/Cab_F2,59.33,62.36,1.73,0.32,12_12_20,AU,21819,-1
KC89,Kaga/Cab_F2,58.61,61.93,1.95,0.36,12_12_20,AU,31265,0
KC90,Kaga/Cab_F2,59.18,60.16,0.74,0.14,12_12_20,AU,26913,0
KC91,Kaga/Cab_F2,55.74,58.22,1.55,0.29,12_12_20,AU,21398,0
KC92,Kaga/Cab_F2,58.92,61.87,1.71,0.32,12_12_20,AU,25687,0
KC93,Kaga/Cab_F2,54.3,56.95,1.51,0.28,12_12_20,AU,27929,-1
KC94,Kaga/Cab_F2,61.84,63.86,1.18,0.22,12_12_20,AU,23110,-1
KC95,Kaga/Cab_F2,65.02,68.03,3.29,0.61,12_12_20,AU,24117,-1
KC96,Kaga/Cab_F2,57.08,59.65,1.61,0.3,12_12_20,AU,28174,0
KC97,Kaga/Cab_F2,59.76,62.49,1.63,0.3,12_12_20,AU,23661,0
KC98,Kaga/Cab_F2,60.66,62.65,1.14,0.21,13_12_20,AU,26191,0
KC99,Kaga/Cab_F2,63.75,65.18,0.86,0.16,13_12_20,AU,26484,0
KC100,Kaga/Cab_F2,60.63,61.24,0.4,0.07,13_12_20,AU,26729,0
KC101,Kaga/Cab_F2,61.3846,67.56,3.55,0.72,12_12_20,AU,26357,0
KC102,Kaga/Cab_F2,58.39687356,60.88,1.42,0.26,12_12_20,AU,30212,0
KC103,Kaga/Cab_F2,63.49296552,66.7,1.91,0.35,13_12_20,AU,26821,0
KC104,Kaga/Cab_F2,60.66855172,62.06,0.87,0.16,13_12_20,AU,27629,-1
KC105,Kaga/Cab_F2,56.04802299,59.13,1.9,0.35,13_12_20,AU,31511,-1
KC106,Kaga/Cab_F2,59.21041872,61.93,1.7,0.32,13_12_20,AU,26702,-1
KC107,Kaga/Cab_F2,53.2991954,55.67,1.58,0.29,14_12_20,AU,26271,-1
KC108,Kaga/Cab_F2,58.96671264,62.52,2.13,0.4,14_12_20,AU,24354,-1
KC109,Kaga/Cab_F2,57.29165517,58.84,1.07,0.2,14_12_20,AU,27966,0
KC110,Kaga/Cab_F2,57.24450575,57.81,0.5,0.09,14_12_20,AU,31005,0
KC111,Kaga/Cab_F2,57.07912644,58.75,1.02,0.19,14_12_20,AU,26828,0
KC112,Kaga/Cab_F2,60.44006897,62.83,1.41,0.26,14_12_20,AU,25549,0
KC113,Kaga/Cab_F2,64.45505747,62.88,0.93,0.17,14_12_20,AU,22191,-1
KC114,Kaga/Cab_F2,55.83912644,59.21,2.06,0.38,14_12_20,AU,31468,-1
KC115,Kaga/Cab_F2,55.59855172,57.2,0.95,0.18,14_12_20,AU,#N/A,0
KC116,Kaga/Cab_F2,59.82397701,63.56,2.3,0.43,14_12_20,AU,30582,0
KC123,Kaga/Cab_F2,61.84705747,60.51,1.21,0.22,15_12_20,AU,21631,-1
KC124,Kaga/Cab_F2,59.15211494,59.04,0.23,0.04,15_12_20,AU,24401,0
KC125,Kaga/Cab_F2,56.13547126,58.16,1.21,0.23,15_12_20,AU,22012,-1
KC126,Kaga/Cab_F2,62.06675862,65.1,1.86,0.34,15_12_20,AU,22675,0
KC127,Kaga/Cab_F2,57.30696552,56.52,0.71,0.13,15_12_20,AU,22501,-1
KC128,Kaga/Cab_F2,63.25434483,66.55,1.89,0.35,15_12_20,AU,24739,0
KC129,Kaga/Cab_F2,60.58912644,62.11,0.91,0.17,15_12_20,AU,24358,0
KC130,Kaga/Cab_F2,61.74802299,63.6,1.07,0.2,15_12_20,AU,28517,0
KC131,Kaga/Cab_F2,57.2471954,62.41,2.99,0.56,15_12_20,AU,26813,-1
KC132,Kaga/Cab_F2,57.17055172,60.95,2.19,0.41,16_12_20,AU,26254,0
KC133,Kaga/Cab_F2,56.21505747,57.67,0.91,0.17,16_12_20,AU,29277,0
KC134,Kaga/Cab_F2,56.60857471,57.33,0.46,0.09,16_12_20,AU,31744,-1
KC135,Kaga/Cab_F2,58.74864368,61.13,1.5,0.28,16_12_20,AU,24155,-1
KC136,Kaga/Cab_F2,61.82544828,64.56,1.58,0.29,16_12_20,AU,25250,0
KC137,Kaga/Cab_F2,60.07310345,60.4,0.38,0.07,16_12_20,AU,30553,0
KC138,Kaga/Cab_F2,58.88583908,61.76,1.74,0.32,16_12_20,AU,29312,0
KC139,Kaga/Cab_F2,62.7057931,63.88,1.02,0.19,16_12_20,AU,28510,-1
KC140,Kaga/Cab_F2,49.03625287,56.19,4.23,0.79,16_12_20,AU,28477,-1
KC141,Kaga/Cab_F2,55.8074023,59.05,1.85,0.34,16_12_20,AU,24349,0
KC152,Kaga/Cab_F2,59.08013793,59.46,0.45,0.08,5_1_21,AU,25810,0
KC153,Kaga/Cab_F2,54.51358621,61.58,4.14,0.77,5_1_21,AU,27206,0
KC154,Kaga/Cab_F2,56.05967816,56.85,0.59,0.11,5_1_21,AU,26126,0
KC155,Kaga/Cab_F2,57.5796092,56.95,0.58,0.11,5_1_21,AU,25587,0
KC156,Kaga/Cab_F2,56.67887356,58.22,1.13,0.21,5_1_21,AU,27793,0
KC157,Kaga/Cab_F2,56.93344828,60.29,1.92,0.36,5_1_21,AU,25748,-1
KC158,Kaga/Cab_F2,63.59806897,65.19,1.17,0.22,5_1_21,AU,25511,0
KC159,Kaga/Cab_F2,55.82797701,57.66,1.46,0.27,5_1_21,AU,23238,0
KC160,Kaga/Cab_F2,57.08278161,59.19,1.58,0.29,5_1_21,AU,25113,-1
KC161,Kaga/Cab_F2,57.96241379,58.01,0.39,0.07,5_1_21,AU,25875,0
KC168,Kaga/Cab_F2,59.97211494,62.05,1.25,0.23,6_1_21,AU,28249,-1
KC169,Kaga/Cab_F2,63.88972414,67.55,2.1,0.39,6_1_21,AU,27510,0
KC170,Kaga/Cab_F2,62.36009195,64,0.98,0.18,6_1_21,AU,22480,-1
KC171,Kaga/Cab_F2,64.75965517,66,0.92,0.17,6_1_21,AU,24609,-1
KC172,Kaga/Cab_F2,56.51471264,62.47,3.42,0.64,6_1_21,AU,#N/A,0
KC173,Kaga/Cab_F2,59.54712644,62.91,1.93,0.36,6_1_21,AU,26103,0
KC174,Kaga/Cab_F2,61.84268966,68.57,3.86,0.72,6_1_21,AU,23565,-1
KC175,Kaga/Cab_F2,58.76977011,61.12,1.39,0.26,6_1_21,AU,30001,0
KC176,Kaga/Cab_F2,57.60367816,57.92,0.87,0.16,6_1_21,AU,28381,-1
KC184,Kaga/Cab_F2,64.20425287,68.51,2.85,0.53,6_1_21,AU,26141,0
KC185,Kaga/Cab_F2,60.37041379,64.83,2.65,0.49,7_1_21,AU,23721,-1
KC186,Kaga/Cab_F2,59.77749425,63.02,1.99,0.37,7_1_21,AU,21691,-1
KC187,Kaga/Cab_F2,62.33687356,65.65,1.92,0.36,7_1_21,AU,29457,-1
KC188,Kaga/Cab_F2,57.78868966,59.79,1.21,0.22,7_1_21,AU,23987,0
KC189,Kaga/Cab_F2,61.65048276,64.82,1.81,0.34,7_1_21,AU,25746,0
KC190,Kaga/Cab_F2,56.53496552,60.66,2.4,0.45,7_1_21,AU,20314,0
KC191,Kaga/Cab_F2,60.436,62.19,1.06,0.2,7_1_21,AU,21078,0
KC200,Kaga/Cab_F2,51.95850575,54.44,1.89,0.35,8_1_21,AU,28889,-1
KC201,Kaga/Cab_F2,63.20818391,66.12,1.79,0.33,8_1_21,AU,28596,-1
KC202,Kaga/Cab_F2,58.99655172,57.35,1.13,0.21,8_1_21,AU,#N/A,-1
KC203,Kaga/Cab_F2,54.4482069,58.57,2.58,0.48,8_1_21,AU,20280,-1
KC204,Kaga/Cab_F2,58.00333333,59.75,1.19,0.22,8_1_21,AU,31606,0
KC205,Kaga/Cab_F2,58.01809195,59.17,0.83,0.15,8_1_21,AU,23121,-1
KC206,Kaga/Cab_F2,56.00163218,59.65,2.18,0.4,8_1_21,AU,21155,-1
KC207,Kaga/Cab_F2,59.00016092,61.24,1.31,0.24,8_1_21,AU,25693,-1
KC208,Kaga/Cab_F2,57.72094253,59.7,1.18,0.22,8_1_21,AU,24226,0
KC209,Kaga/Cab_F2,57.94894253,62.15,2.4,0.45,8_1_21,AU,26461,-1
KC210,Kaga/Cab_F2,58.23491954,60.18,1.39,0.26,9_1_21,AU,15986,0
KC211,Kaga/Cab_F2,64.82834483,67.03,1.45,0.27,9_1_21,AU,20483,0
KC212,Kaga/Cab_F2,57.88167816,61.08,1.88,0.35,9_1_21,AU,21846,0
KC213,Kaga/Cab_F2,56.33908046,62.72,3.65,0.68,9_1_21,AU,23146,0
KC214,Kaga/Cab_F2,56.57186207,59.33,1.59,0.3,9_1_21,AU,24100,0
KC215,Kaga/Cab_F2,69.28052874,67.18,1.46,0.27,9_1_21,AU,27399,-1
KC216,Kaga/Cab_F2,58.61712644,60.92,1.39,0.26,9_1_21,AU,24640,0
KC217,Kaga/Cab_F2,60.28370115,62.87,1.52,0.28,9_1_21,AU,24994,0
KC218,Kaga/Cab_F2,62.91970115,65.83,1.67,0.31,9_1_21,AU,22974,0
KC219,Kaga/Cab_F2,56.97057471,61.02,2.36,0.44,9_1_21,AU,20000,0
KC227,Kaga/Cab_F2,54.9131954,59.83,3.3,0.61,10_1_21,AU,26886,-1
KC228,Kaga/Cab_F2,51.15636782,57.98,4.42,0.82,10_1_21,AU,23144,0
KC229,Kaga/Cab_F2,55.91933333,57.14,0.78,0.14,10_1_21,AU,22606,-1
KC230,Kaga/Cab_F2,59.19604598,64.01,2.76,0.51,10_1_21,AU,27809,-1
KC231,Kaga/Cab_F2,57.55052874,59.73,1.28,0.24,10_1_21,AU,21789,0
KC242,Kaga/Cab_F2,60.52786207,61.08,0.55,0.1,12_1_21,AU,23636,0
KC243,Kaga/Cab_F2,58.71843678,60.35,0.94,0.17,12_1_21,AU,21616,-1
KC244,Kaga/Cab_F2,54.0851954,57.63,2.05,0.38,12_1_21,AU,19445,-1
KC245,Kaga/Cab_F2,58.75278161,61.69,2.35,0.44,12_1_21,AU,26459,0
KC246,Kaga/Cab_F2,49.83328736,56.78,4.04,0.75,12_1_21,AU,29771,0
KC247,Kaga/Cab_F2,58.83452874,60.63,1.23,0.23,12_1_21,AU,28513,-1
KC248,Kaga/Cab_F2,54.2436092,57.43,2.04,0.38,12_1_21,AU,25430,0
KC249,Kaga/Cab_F2,55.11370115,56.64,0.93,0.17,12_1_21,AU,25139,0
KC250,Kaga/Cab_F2,55.91151724,59.67,2.32,0.43,12_1_21,AU,31378,0
KC251,Kaga/Cab_F2,55.75103448,55.81,0.22,0.04,13_1_21,AU,26974,0
KC252,Kaga/Cab_F2,60.39924138,65.63,3.76,0.7,13_1_21,AU,27960,-1
KC253,Kaga/Cab_F2,58.81209195,64.25,3.17,0.59,13_1_21,AU,26317,0
KC254,Kaga/Cab_F2,55.99832184,59.7,2.14,0.4,13_1_21,AU,25275,0
KC255,Kaga/Cab_F2,59.73547126,66.45,3.82,0.71,13_1_21,AU,24054,0
KC256,Kaga/Cab_F2,66.43832184,68.35,1.55,0.29,13_1_21,AU,24659,-1
KC257,Kaga/Cab_F2,55.78317241,64.21,5.19,0.96,13_1_21,AU,26474,0
KC258,Kaga/Cab_F2,57.48793103,58.71,0.89,0.16,13_1_21,AU,24762,0
KC259,Kaga/Cab_F2,55.90650575,70.31,8.62,1.6,20_1_21,AU,26428,0
KC260,Kaga/Cab_F2,68.7483,65.48,2.12,0.43,20_1_21,AU,30675,0
KC261,Kaga/Cab_F2,54.5748046,59.55,2.84,0.53,20_1_21,AU,27135,0
KC262,Kaga/Cab_F2,58.78567816,64.18,3.28,0.61,20_1_21,AU,24343,-1
KC263,Kaga/Cab_F2,59.13937931,59.91,1.14,0.21,20_1_21,AU,25319,0
KC264,Kaga/Cab_F2,50.80514943,56.29,3.16,0.59,20_1_21,AU,28829,-1
KC265,Kaga/Cab_F2,57.53363218,68.34,6.42,1.19,20_1_21,AU,25455,0
KC266,Kaga/Cab_F2,57.5234023,63.04,3.28,0.61,20_1_21,AU,#N/A,0
KC267,Kaga/Cab_F2,54.62931034,63.48,5.05,0.94,20_1_21,AU,24297,-1
KC268,Kaga/Cab_F2,67.45402299,75.91,5.14,0.95,20_1_21,AU,27543,0
KC269,Kaga/Cab_F2,58.14698851,62.77,2.66,0.49,21_1_21,AU,29249,0
KC270,Kaga/Cab_F2,54.46622989,57.93,2,0.37,21_1_21,AU,23449,0
KC271,Kaga/Cab_F2,56.33533333,58.37,1.26,0.23,21_1_21,AU,25143,-1
KC272,Kaga/Cab_F2,54.39694253,56.24,1.1,0.2,21_1_21,AU,26074,0
KC273,Kaga/Cab_F2,53.44503448,56.57,1.78,0.33,21_1_21,AU,24603,0
KC274,Kaga/Cab_F2,63.27549425,69.8,3.97,0.74,21_1_21,AU,28975,-1
KC275,Kaga/Cab_F2,54.99751724,58.79,2.21,0.41,21_1_21,AU,24404,0
KC276,Kaga/Cab_F2,57.17377011,61.87,2.73,0.51,21_1_21,AU,28042,-1
KC277,Kaga/Cab_F2,61.42034483,65.79,2.49,0.46,21_1_21,AU,22062,0
KC279,Kaga/Cab_F2,53.94904762,56.11,1.24,0.24,21_1_21,AU,24059,0
KC280,Kaga/Cab_F2,55.63045977,56.32,0.66,0.12,27_1_21,AU,29383,-1
KC281,Kaga/Cab_F2,51.31689655,52.67,1.24,0.23,27_1_21,AU,24994,0
KC282,Kaga/Cab_F2,56.50813793,57.86,0.84,0.16,27_1_21,AU,25934,0
KC283,Kaga/Cab_F2,58.58372414,59.23,1.18,0.22,27_1_21,AU,23138,-1
KC284,Kaga/Cab_F2,55.40425287,56.17,0.48,0.09,27_1_21,AU,25063,-1
KC285,Kaga/Cab_F2,57.09048276,59.08,1.54,0.29,27_1_21,AU,25735,-1
KC286,Kaga/Cab_F2,56.79213793,57.76,0.82,0.15,27_1_21,AU,27594,0
KC287,Kaga/Cab_F2,57.91756322,60.49,1.51,0.28,27_1_21,AU,23550,0
KC288,Kaga/Cab_F2,53.80291954,56.19,1.63,0.3,27_1_21,AU,26453,0
KC289,Kaga/Cab_F2,61.94383908,62.93,0.69,0.13,27_1_21,AU,25582,0
KC290,Kaga/Cab_F2,52.7396092,55.24,1.49,0.28,28_1_21,AU,23336,-1
KC291,Kaga/Cab_F2,56.78105747,59.93,1.82,0.34,28_1_21,AU,22099,0
KC292,Kaga/Cab_F2,54.17448276,57.82,2.22,0.41,28_1_21,AU,25982,-1
KC293,Kaga/Cab_F2,58.31337931,59.57,0.97,0.18,28_1_21,AU,24132,-1
KC294,Kaga/Cab_F2,57.662,60.79,1.81,0.34,28_1_21,AU,21746,0
KC295,Kaga/Cab_F2,55.90052874,59.42,2.03,0.38,28_1_21,AU,23378,0
KC296,Kaga/Cab_F2,56.21866667,58.53,1.37,0.25,28_1_21,AU,24027,0
KC297,Kaga/Cab_F2,55.35508046,56.73,1.13,0.21,28_1_21,AU,27994,-1
KC298,Kaga/Cab_F2,58.12505747,62.61,2.75,0.51,28_1_21,AU,20934,0
KC299,Kaga/Cab_F2,66.45089655,70.41,2.32,0.43,28_1_21,AU,23464,-1
KC310,Kaga/Cab_F2,58.17705747,60.75,1.47,0.27,29_1_21,AU,28921,0
KC311,Kaga/Cab_F2,57.32395402,59.78,1.4,0.26,29_1_21,AU,24408,-1
KC312,Kaga/Cab_F2,58.398,65.9,4.31,0.8,29_1_21,AU,24297,0
KC313,Kaga/Cab_F2,55.25317241,59.16,2.28,0.42,29_1_21,AU,26683,0
KC314,Kaga/Cab_F2,61.11986207,65.98,2.76,0.51,29_1_21,AU,26451,0
KC315,Kaga/Cab_F2,58.32291954,61.06,1.57,0.29,29_1_21,AU,25932,0
KC316,Kaga/Cab_F2,61.83268966,62.62,0.68,0.13,29_1_21,AU,24890,-1
KC317,Kaga/Cab_F2,59.52806897,62.06,1.49,0.28,29_1_21,AU,22788,-1
KC318,Kaga/Cab_F2,63.53983908,64.46,1.99,0.37,29_1_21,AU,23138,-1
KC327,Kaga/Cab_F2,51.46648276,56.68,3.02,0.56,30_1_21,AU,26918,0
KC328,Kaga/Cab_F2,51.57972414,55.82,2.56,0.48,30_1_21,AU,25017,-1
KC329,Kaga/Cab_F2,64.82843678,68.17,2.04,0.38,30_1_21,AU,30250,-1
KC330,Kaga/Cab_F2,53.62947126,54.78,0.78,0.14,30_1_21,AU,26541,-1
KC331,Kaga/Cab_F2,59.46521839,61.7,1.4,0.26,30_1_21,AU,26344,0
KC332,Kaga/Cab_F2,62.48232184,68.44,4.13,0.77,30_1_21,AU,26011,-1
KC333,Kaga/Cab_F2,56.49478161,60.05,2.03,0.38,30_1_21,AU,27447,0
KC334,Kaga/Cab_F2,55.97652874,58.83,1.9,0.35,30_1_21,AU,27355,-1
KC335,Kaga/Cab_F2,58.86652874,62.48,2.12,0.39,30_1_21,AU,26202,-1
KC336,Kaga/Cab_F2,55.00744828,58.77,2.22,0.41,30_1_21,AU,25314,-1
KC347,Kaga/Cab_F2,58.43068966,70.79,7.08,1.32,31_1_21,AU,30057,0
KC348,Kaga/Cab_F2,56.94266667,60.83,2.26,0.42,31_1_21,AU,23617,-1
KC349,Kaga/Cab_F2,57.1074023,58.79,1.02,0.19,31_1_21,AU,23424,-1
KC350,Kaga/Cab_F2,63.92006897,61.02,2.32,0.43,31_1_21,AU,25396,-1
KC351,Kaga/Cab_F2,56.27409195,57.58,0.95,0.18,31_1_21,AU,26805,0
KC361,Kaga/Cab_F2,54.48006897,56.52,1.17,0.22,31_1_21,AU,25385,0
KC362,Kaga/Cab_F2,61.36163218,63.61,1.6,0.3,1_2_21,AU,26719,0
KC363,Kaga/Cab_F2,56.61655172,59.25,1.5,0.28,1_2_21,AU,27234,0
KC364,Kaga/Cab_F2,58.35275862,61.34,1.84,0.34,1_2_21,AU,23962,0
KC365,Kaga/Cab_F2,60.31216092,66.61,3.6,0.67,1_2_21,AU,24460,0
KC366,Kaga/Cab_F2,60.57721839,62.73,1.35,0.25,1_2_21,AU,23807,-1
KC367,Kaga/Cab_F2,57.01204598,64.21,4.13,0.77,1_2_21,AU,30828,0
KC368,Kaga/Cab_F2,62.31751724,65.66,1.99,0.37,1_2_21,AU,32312,-1
KC369,Kaga/Cab_F2,55.68556322,59.44,2.84,0.53,1_2_21,AU,27075,0
KC370,Kaga/Cab_F2,61.89593103,66.16,2.53,0.47,1_2_21,AU,26907,0
KC382,Kaga/Cab_F2,54.20887356,61.15,3.98,0.74,4_2_21,AU,24257,-1
KC383,Kaga/Cab_F2,54.65482759,59.62,2.85,0.53,4_2_21,AU,27583,0
KC384,Kaga/Cab_F2,57.05912644,61.7,2.64,0.49,4_2_21,AU,24117,0
KC385,Kaga/Cab_F2,59.01903448,65.29,3.59,0.67,4_2_21,AU,25576,-1
KC386,Kaga/Cab_F2,61.45868966,65.38,2.34,0.43,4_2_21,AU,24448,0
KC387,Kaga/Cab_F2,58.7163908,60.89,1.29,0.24,4_2_21,AU,22382,0
KC388,Kaga/Cab_F2,56.79,59.87,1.77,0.33,4_2_21,AU,23855,0
KC390,Kaga/Cab_F2,56.58535632,60.09,2.65,0.49,4_2_21,AU,20733,0
KC391,Kaga/Cab_F2,55.69572414,58.96,1.88,0.35,10_2_21,AU,26769,-1
KC392,Kaga/Cab_F2,58.06271264,62.09,2.31,0.43,10_2_21,AU,24270,0
KC394,Kaga/Cab_F2,51.16694253,55.39,2.55,0.47,10_2_21,AU,31439,0
KC395,Kaga/Cab_F2,55.78190805,59.17,2.06,0.38,10_2_21,AU,26216,0
KC396,Kaga/Cab_F2,57.35402299,56.99,1.08,0.2,10_2_21,AU,27093,-1
KC397,Kaga/Cab_F2,54.24774713,56.27,1.22,0.23,10_2_21,AU,24653,0
KC398,Kaga/Cab_F2,54.52689655,56.98,1.44,0.27,10_2_21,AU,26876,0
KC399,Kaga/Cab_F2,61.31719212,58.62,2.52,0.48,10_2_21,AU,25894,-1
KC400,Kaga/Cab_F2,53.19174713,54.85,1.15,0.21,11_2_21,AU,23041,-1
KC401,Kaga/Cab_F2,54.9545977,58.6,2.32,0.43,11_2_21,AU,28998,0
KC402,Kaga/Cab_F2,54.65089655,57.7,1.75,0.33,11_2_21,AU,29011,0
KC403,Kaga/Cab_F2,56.77896552,54.26,1.97,0.36,11_2_21,AU,30936,-1
KC404,Kaga/Cab_F2,56.58616092,54.15,2.16,0.4,11_2_21,AU,21003,0
KC405,Kaga/Cab_F2,61.54455172,66.68,3.07,0.57,11_2_21,AU,23276,0
KC406,Kaga/Cab_F2,56.55549425,57.3,1.28,0.24,11_2_21,AU,26742,0
KC407,Kaga/Cab_F2,55.60022989,58.51,1.66,0.31,11_2_21,AU,23611,0
KC408,Kaga/Cab_F2,52.69409195,57.48,2.89,0.54,11_2_21,AU,25496,-1
KC409,Kaga/Cab_F2,54.37954023,58.38,2.4,0.44,11_2_21,AU,26666,0
KC410,Kaga/Cab_F2,52.28765517,60.79,4.97,0.92,16_2_21,AU,29568,0
KC411,Kaga/Cab_F2,54.40298851,54.99,0.4,0.07,16_2_21,AU,26118,0
KC412,Kaga/Cab_F2,57.17657471,58.58,1.93,0.36,16_2_21,AU,27460,-1
KC413,Kaga/Cab_F2,68.46678161,64.33,2.44,0.45,16_2_21,AU,28356,-1
KC414,Kaga/Cab_F2,57.25995402,61.08,2.19,0.41,16_2_21,AU,28205,0
KC415,Kaga/Cab_F2,59.09257471,62.29,1.86,0.35,16_2_21,AU,27223,0
KC416,Kaga/Cab_F2,58.75425287,61.16,1.38,0.26,16_2_21,AU,29379,0
KC417,Kaga/Cab_F2,55.51912644,56.32,0.61,0.11,16_2_21,AU,26480,-1
KC418,Kaga/Cab_F2,52.99554023,56.74,2.32,0.43,16_2_21,AU,25055,-1
KC419,Kaga/Cab_F2,54.02004598,55.55,0.97,0.18,16_2_21,AU,27039,0
KC437,Kaga/Cab_F2,57.53365517,60.14,2.06,0.38,18_2_21,AU,24686,-1
KC438,Kaga/Cab_F2,54.52875862,55.59,0.64,0.12,18_2_21,AU,28318,0
KC439,Kaga/Cab_F2,59.8991954,59.82,0.96,0.18,18_2_21,AU,29000,0
KC440,Kaga/Cab_F2,54.50595402,56,1.65,0.31,18_2_21,AU,26451,0
KC441,Kaga/Cab_F2,58.94022989,60.14,0.95,0.18,18_2_21,AU,23935,0
KC442,Kaga/Cab_F2,54.73866667,57.98,1.89,0.35,18_2_21,AU,25321,-1
KC443,Kaga/Cab_F2,56.53068966,58.81,1.36,0.25,18_2_21,AU,21695,-1
KC444,Kaga/Cab_F2,61.91043678,63.64,1.1,0.2,18_2_21,AU,26225,0
KC445,Kaga/Cab_F2,53.15374713,55.48,1.67,0.31,18_2_21,AU,19544,0
KC446,Kaga/Cab_F2,59.08,60.07,0.64,0.12,23_3_21,AU,26223,0
KC447,Kaga/Cab_F2,56.05098851,57.59,0.9,0.17,23_3_21,AU,23288,0
KC448,Kaga/Cab_F2,55.58209195,55.95,0.41,0.08,23_3_21,AU,20337,0
KC449,Kaga/Cab_F2,55.14287356,54.36,0.6,0.11,23_3_21,AU,#N/A,0
KC450,Kaga/Cab_F2,58.25878161,61.73,1.99,0.37,23_3_21,AU,20969,0
KC451,Kaga/Cab_F2,58.08972414,58.85,0.72,0.13,23_3_21,AU,26332,0
KC452,Kaga/Cab_F2,55.07494253,57.55,1.57,0.29,23_3_21,AU,23987,0
KC453,Kaga/Cab_F2,55.35586207,57.82,1.42,0.26,23_3_21,AU,22242,0
KC454,Kaga/Cab_F2,55.89850575,57.4,0.96,0.18,23_3_21,AU,27079,0
KC455,Kaga/Cab_F2,61.916,59.89,1.48,0.27,23_3_21,AU,27535,0
KC488,Kaga/Cab_F2,57.8234023,59.93,1.3,0.24,7_4_21,AU,22453,0
KC489,Kaga/Cab_F2,53.14671264,55.13,1.28,0.24,7_4_21,AU,22198,-1
KC490,Kaga/Cab_F2,52.93924138,54.99,1.27,0.24,7_4_21,AU,22480,0
KC491,Kaga/Cab_F2,58.37742529,59.36,0.72,0.13,7_4_21,AU,#N/A,0
KC492,Kaga/Cab_F2,52.58386207,55.1,1.51,0.28,7_4_21,AU,19686,0
KC493,Kaga/Cab_F2,54.95786207,56.3,0.86,0.16,7_4_21,AU,24379,0
KC494,Kaga/Cab_F2,51.7948046,54.82,1.75,0.32,7_4_21,AU,24458,0
KC495,Kaga/Cab_F2,53.76777011,60.51,3.92,0.73,7_4_21,AU,#N/A,0
KC505,Kaga/Cab_F2,63.09429885,63.14,0.28,0.05,14_4_21,AU,25101,0
KC506,Kaga/Cab_F2,53.82388506,56.94,1.88,0.35,14_4_21,AU,24797,-1
KC507,Kaga/Cab_F2,54.83196581,56.92,1.19,0.23,14_4_21,AU,23253,0
KC508,Kaga/Cab_F2,54.47691954,55.45,0.69,0.13,14_4_21,AU,20910,0
KC509,Kaga/Cab_F2,57.23811494,55.4,1.28,0.24,14_4_21,AU,17942,-1
KC510,Kaga/Cab_F2,56.976,58.24,0.81,0.15,14_4_21,AU,17871,0
KC511,Kaga/Cab_F2,59.76765517,61.38,1.14,0.21,14_4_21,AU,16412,-1
KC512,Kaga/Cab_F2,57.25664368,61.08,2.22,0.41,14_4_21,AU,23230,0
KC513,Kaga/Cab_F2,52.70678161,56.94,3.42,0.64,14_4_21,AU,25201,-1
KC514,Kaga/Cab_F2,55.30521839,57.16,1.09,0.2,14_4_21,AU,25203,0
KC532,Kaga/Cab_F2,61.46416092,69.49,4.6,0.85,19_4_21,AU,24400,0
KC533,Kaga/Cab_F2,58.76795402,62.47,2.15,0.4,19_4_21,AU,20532,-1
KC534,Kaga/Cab_F2,60.07505747,62.83,1.61,0.3,19_4_21,AU,19481,0
KC535,Kaga/Cab_F2,50.75429885,57.7,4.25,0.79,19_4_21,AU,17457,-1
KC536,Kaga/Cab_F2,57.56574713,59.89,1.38,0.26,19_4_21,AU,16029,0
KC537,Kaga/Cab_F2,66.63064368,71.85,2.99,0.56,19_4_21,AU,21967,0
KC538,Kaga/Cab_F2,63.41832184,64.55,0.68,0.13,19_4_21,AU,23246,-1
KC539,Kaga/Cab_F2,55.39997701,57.28,1.13,0.21,20_4_21,AU,22327,-1
KC540,Kaga/Cab_F2,54.5711954,59.89,3.15,0.58,20_4_21,AU,#N/A,0
KC541,Kaga/Cab_F2,54.89705747,56.01,1,0.19,20_4_21,AU,20272,0
KC542,Kaga/Cab_F2,58.00386207,60.47,1.75,0.32,20_4_21,AU,21503,0
KC543,Kaga/Cab_F2,60.8283908,62.28,0.88,0.16,20_4_21,AU,19898,0
KC544,Kaga/Cab_F2,56.75935632,58.23,0.86,0.16,20_4_21,AU,21869,-1
KC545,Kaga/Cab_F2,54.81105747,56.02,0.96,0.18,20_4_21,AU,18924,0
KC546,Kaga/Cab_F2,57.66763218,58.97,0.77,0.14,20_4_21,AU,25758,0
KC547,Kaga/Cab_F2,56.61427586,58.56,1.23,0.23,14_7_21,AU,22780,-1
KC548,Kaga/Cab_F2,57.32291954,59.34,1.33,0.25,14_7_21,AU,23204,-1
KC549,Kaga/Cab_F2,57.87781609,58.85,0.56,0.1,14_7_21,AU,21963,0
KC550,Kaga/Cab_F2,52.99652874,55.97,1.84,0.34,14_7_21,AU,20640,-1
KC551,Kaga/Cab_F2,55.1142069,55.16,1.01,0.19,14_7_21,AU,21472,-1
KC552,Kaga/Cab_F2,52.822,55.69,1.67,0.31,14_7_21,AU,22365,-1
KC553,Kaga/Cab_F2,56.89266667,59.45,1.46,0.27,14_7_21,AU,28077,-1
KC554,Kaga/Cab_F2,56.21114943,57,1.77,0.33,14_7_21,AU,24877,-1
KC555,Kaga/Cab_F2,55.97947126,57.03,0.62,0.12,14_7_21,AU,22763,-1
KC556,Kaga/Cab_F2,58.89025287,62.61,2.49,0.46,15_7_21,AU,23698,-1
KC557,Kaga/Cab_F2,55.80995402,59.51,2.1,0.39,15_7_21,AU,21168,-1
KC558,Kaga/Cab_F2,56.66868966,59.84,1.84,0.34,15_7_21,AU,22849,-1
KC559,Kaga/Cab_F2,57.12951724,61.72,2.7,0.5,15_7_21,AU,23146,0
KC560,Kaga/Cab_F2,54.53556322,57.61,1.75,0.33,15_7_21,AU,24475,0
KC561,Kaga/Cab_F2,58.87586207,61.19,1.32,0.25,15_7_21,AU,24117,0
KC562,Kaga/Cab_F2,54.36489655,55.66,1.63,0.3,15_7_21,AU,21243,-1
KC563,Kaga/Cab_F2,66.19593103,63.26,2.14,0.4,15_7_21,AU,21421,-1
KC564,Kaga/Cab_F2,48.12041379,53.94,3.57,0.66,15_7_21,AU,23309,-1
KC565,Kaga/Cab_F2,57.91045977,61.59,2.09,0.39,15_7_21,AU,26767,0
KC576,Kaga/Cab_F2,55.82422989,61.72,3.84,0.71,16_7_21,AU,22587,0
KC577,Kaga/Cab_F2,54.75722222,63.79,5.67,1.09,16_7_21,AU,22514,-1
KC578,Kaga/Cab_F2,53.753,54.17,1.65,0.34,16_7_21,AU,24054,-1
KC579,Kaga/Cab_F2,56.10422989,58.8,1.62,0.3,16_7_21,AU,21526,0
KC580,Kaga/Cab_F2,59.47213793,64.26,2.78,0.52,16_7_21,AU,21534,0
KC581,Kaga/Cab_F2,56.21691954,58.96,1.58,0.29,16_7_21,AU,19835,-1
KC582,Kaga/Cab_F2,62.67797701,63.59,1.15,0.21,16_7_21,AU,21764,-1
KC592,Kaga/Cab_F2,61.42121839,65.97,2.74,0.51,21_7_21,AU,26489,0
KC593,Kaga/Cab_F2,66.03850575,70.45,2.51,0.47,21_7_21,AU,24741,-1
KC594,Kaga/Cab_F2,65.56452874,69.51,2.24,0.42,21_7_21,AU,23046,-1
KC595,Kaga/Cab_F2,68.98278161,70.09,0.67,0.12,21_7_21,AU,17610,0
KC596,Kaga/Cab_F2,68.71009195,71.26,1.46,0.27,21_7_21,AU,23014,0
KC597,Kaga/Cab_F2,63.67981609,65.97,1.33,0.25,21_7_21,AU,23502,0
KC598,Kaga/Cab_F2,62.71645977,67.29,2.65,0.49,21_7_21,AU,22893,0
KC599,Kaga/Cab_F2,69.25351724,71.68,1.4,0.26,21_7_21,AU,25084,0
KC600,Kaga/Cab_F2,61.22193103,66.05,2.88,0.53,21_7_21,AU,20368,-1
KC630,Kaga/Cab_F2,55.10406897,57.2,1.24,0.23,28_8_21,AU,21698,-1
KC631,Kaga/Cab_F2,58.01257471,61.12,1.97,0.36,28_8_21,AU,24672,-1
KC632,Kaga/Cab_F2,62.62857471,61.41,0.81,0.15,28_8_21,AU,22725,-1
KC633,Kaga/Cab_F2,58.29896552,58.68,1.34,0.25,28_8_21,AU,22750,-1
KC634,Kaga/Cab_F2,58.62797701,61.65,1.72,0.32,28_8_21,AU,22384,0
KC635,Kaga/Cab_F2,56.28685057,56.62,0.72,0.13,28_8_21,AU,21285,0
KC636,Kaga/Cab_F2,56.23089655,58.13,1.19,0.22,28_8_21,AU,24624,0
KC637,Kaga/Cab_F2,58.30082759,59.65,0.8,0.15,28_8_21,AU,23085,-1
KC638,Kaga/Cab_F2,58.00296552,61.79,2.33,0.43,28_8_21,AU,22259,0
KC639,Kaga/Cab_F2,58.17866667,59.98,1.08,0.2,28_8_21,AU,24485,-1
KC12,Kaga/Cab_F2,61.56,62.16,0.44,0.08,25_11_20,DB,23533,0
KC13,Kaga/Cab_F2,57.63,61.53,2.14,0.4,25_11_20,DB,23908,-1
KC14,Kaga/Cab_F2,52.83,55.09,3.21,0.54,25_11_20,DB,28753,0
KC15,Kaga/Cab_F2,57.97,61.43,1.71,0.36,25_11_20,DB,25419,-1
KC16,Kaga/Cab_F2,56.48,58.74,1.06,0.2,25_11_20,DB,22401,0
KC17,Kaga/Cab_F2,56.43,57.49,0.92,0.17,25_11_20,DB,25777,0
KC18,Kaga/Cab_F2,59.77,63.1,1.62,0.3,25_11_20,DB,26275,-1
KC19,Kaga/Cab_F2,54.28,56.57,1.11,0.21,25_11_20,DB,25319,-1
KC20,Kaga/Cab_F2,56.09,58.58,1.29,0.24,25_11_20,DB,25415,0
KC21,Kaga/Cab_F2,55.68,56.94,0.66,0.12,27_11_20,DB,24936,0
KC22,Kaga/Cab_F2,58.99,61.07,1.62,0.35,27_11_20,DB,20481,-1
KC24,Kaga/Cab_F2,57.99,61.7,1.84,0.34,27_11_20,DB,24287,0
KC25,Kaga/Cab_F2,55.88,61.54,3.32,0.62,27_11_20,DB,27251,0
KC26,Kaga/Cab_F2,54.56,58.52,2.12,0.39,27_11_20,DB,24241,0
KC27,Kaga/Cab_F2,56.65,61.8,2.64,0.49,27_11_20,DB,22876,0
KC28,Kaga/Cab_F2,55.76,58.87,1.5,0.28,27_11_20,DB,23902,0
KC29,Kaga/Cab_F2,57.87,60.23,1.16,0.21,27_11_20,DB,21155,0
KC30,Kaga/Cab_F2,59.8,64.65,2.49,0.46,27_11_20,DB,21114,-1
KC56,Kaga/Cab_F2,49.92,51.87,0.85,0.16,2_12_20,DB,25576,-1
KC57,Kaga/Cab_F2,62.86,65.99,1.58,0.29,2_12_20,DB,19634,0
KC58,Kaga/Cab_F2,63.48,63.15,0.69,0.13,2_12_20,DB,21337,-1
KC59,Kaga/Cab_F2,65.83,64.98,0.8,0.15,2_12_20,DB,26114,-1
KC60,Kaga/Cab_F2,65.71,66.9,0.58,0.11,2_12_20,DB,26134,-1
KC61,Kaga/Cab_F2,61.31,66.01,2.44,0.45,2_12_20,DB,20793,-1
KC117,Kaga/Cab_F2,59.56436782,61.01,0.8,0.15,14_12_20,DB,27529,0
KC118,Kaga/Cab_F2,58.14121839,60.93,1.54,0.29,14_12_20,DB,29429,0
KC119,Kaga/Cab_F2,56.4071954,58.92,1.18,0.22,14_12_20,DB,26938,0
KC120,Kaga/Cab_F2,61.02967816,62.16,1.2,0.22,14_12_20,DB,24498,-1
KC122,Kaga/Cab_F2,58.65337931,61.57,1.41,0.26,14_12_20,DB,25823,-1
KC142,Kaga/Cab_F2,65.77753968,63.22,1.81,0.35,16_12_20,DB,25949,-1
KC143,Kaga/Cab_F2,57.54795402,60.2,1.54,0.29,16_12_20,DB,26625,0
KC144,Kaga/Cab_F2,54.56096552,57.32,1.33,0.25,16_12_20,DB,28741,0
KC145,Kaga/Cab_F2,60.36213793,63.31,1.65,0.31,16_12_20,DB,26214,-1
KC146,Kaga/Cab_F2,59.82551724,60.19,0.36,0.07,16_12_20,DB,25584,0
KC147,Kaga/Cab_F2,57.77275862,58.43,0.36,0.07,16_12_20,DB,26424,0
KC148,Kaga/Cab_F2,57.14813793,59.8,1.45,0.27,16_12_20,DB,30298,-1
KC149,Kaga/Cab_F2,55.92533333,59.89,1.97,0.37,16_12_20,DB,23366,0
KC150,Kaga/Cab_F2,58.05085057,60.64,1.29,0.24,16_12_20,DB,28883,0
KC151,Kaga/Cab_F2,59.13774713,65.89,3.65,0.68,16_12_20,DB,26434,0
KC162,Kaga/Cab_F2,58.17990805,60.26,1.07,0.2,5_1_21,DB,23897,0
KC163,Kaga/Cab_F2,54.29733333,58.56,2.19,0.41,5_1_21,DB,21074,-1
KC164,Kaga/Cab_F2,58.18108046,59.24,0.47,0.09,5_1_21,DB,25974,0
KC165,Kaga/Cab_F2,54.69611494,55.43,0.36,0.07,5_1_21,DB,27043,0
KC166,Kaga/Cab_F2,54.61549425,58.95,2.5,0.46,5_1_21,DB,24552,0
KC167,Kaga/Cab_F2,54.63924138,58.3,1.96,0.36,5_1_21,DB,23525,-1
KC177,Kaga/Cab_F2,51.50581609,55.83,2.36,0.44,6_1_21,DB,29312,0
KC178,Kaga/Cab_F2,61.65813793,64.73,1.54,0.29,6_1_21,DB,24620,0
KC179,Kaga/Cab_F2,59.25864368,64.76,2.88,0.54,6_1_21,DB,24393,0
KC180,Kaga/Cab_F2,59.07321839,62.51,1.75,0.33,6_1_21,DB,22778,0
KC181,Kaga/Cab_F2,62.66804598,64.12,0.69,0.13,6_1_21,DB,26392,0
KC182,Kaga/Cab_F2,61.32425287,67.39,3.29,0.61,6_1_21,DB,26715,0
KC183,Kaga/Cab_F2,62.92252874,59.93,2.06,0.38,6_1_21,DB,32151,0
KC192,Kaga/Cab_F2,54.2954023,66.29,6.61,1.23,7_1_21,DB,26329,0
KC193,Kaga/Cab_F2,55.93970115,59.55,1.79,0.33,7_1_21,DB,22935,0
KC194,Kaga/Cab_F2,62.06096552,64.8,1.55,0.29,7_1_21,DB,26801,-1
KC195,Kaga/Cab_F2,58.06650575,62.79,2.57,0.48,7_1_21,DB,26899,-1
KC196,Kaga/Cab_F2,61.57482759,66.48,2.59,0.48,7_1_21,DB,21235,0
KC197,Kaga/Cab_F2,56.6294023,60.11,1.7,0.32,7_1_21,DB,26874,0
KC198,Kaga/Cab_F2,60.48218391,71.63,6.25,1.16,7_1_21,DB,25051,-1
KC199,Kaga/Cab_F2,56.5274023,58.72,0.99,0.18,7_1_21,DB,25178,0
KC220,Kaga/Cab_F2,58.78301149,61.48,1.8,0.33,9_1_21,DB,26666,-1
KC221,Kaga/Cab_F2,52.40528736,57.78,2.79,0.52,9_1_21,DB,28194,-1
KC222,Kaga/Cab_F2,56.57590805,58.97,1.13,0.21,9_1_21,DB,23828,0
KC223,Kaga/Cab_F2,59.55372414,61.63,0.97,0.18,9_1_21,DB,25676,0
KC224,Kaga/Cab_F2,58.69156322,62.07,1.68,0.31,9_1_21,DB,23274,0
KC225,Kaga/Cab_F2,55.12544828,58.06,1.46,0.27,9_1_21,DB,30325,-1
KC226,Kaga/Cab_F2,57.94101149,58.71,1.01,0.19,9_1_21,DB,22120,-1
KC232,Kaga/Cab_F2,62.17751724,65.56,1.67,0.31,10_1_21,DB,21744,-1
KC233,Kaga/Cab_F2,57.37073563,60.02,1.35,0.25,10_1_21,DB,23188,0
KC234,Kaga/Cab_F2,60.58551724,61.19,0.55,0.1,10_1_21,DB,26621,0
KC235,Kaga/Cab_F2,63.17287356,66.55,1.66,0.31,10_1_21,DB,28374,-1
KC236,Kaga/Cab_F2,63.31289655,64.72,0.67,0.12,10_1_21,DB,28935,0
KC237,Kaga/Cab_F2,59.49590805,62.79,1.6,0.3,10_1_21,DB,26388,0
KC238,Kaga/Cab_F2,58.89131034,63.09,2.15,0.4,10_1_21,DB,26166,-1
KC239,Kaga/Cab_F2,60.57013793,63.76,1.63,0.3,10_1_21,DB,25417,-1
KC240,Kaga/Cab_F2,61.92062069,63.81,0.92,0.17,10_1_21,DB,27468,-1
KC241,Kaga/Cab_F2,56.22887356,62.64,3.62,0.67,10_1_21,DB,25107,0
KC300,Kaga/Cab_F2,56.56411494,59.94,1.66,0.31,28_1_21,DB,24508,0
KC301,Kaga/Cab_F2,56.65556322,60.95,2.5,0.46,28_1_21,DB,26449,-1
KC302,Kaga/Cab_F2,59.0776092,61.88,1.53,0.28,28_1_21,DB,25729,-1
KC303,Kaga/Cab_F2,53.76885057,58.04,2.21,0.41,28_1_21,DB,23554,-1
KC304,Kaga/Cab_F2,55.22604598,59.16,2.6,0.48,28_1_21,DB,27516,-1
KC305,Kaga/Cab_F2,55.96609195,57.68,1,0.19,28_1_21,DB,24452,0
KC306,Kaga/Cab_F2,54.93114943,59.54,2.4,0.45,28_1_21,DB,24308,-1
KC307,Kaga/Cab_F2,56.56062069,61.01,2.26,0.42,28_1_21,DB,27248,0
KC308,Kaga/Cab_F2,56.95494253,59.63,1.34,0.25,28_1_21,DB,23590,0
KC309,Kaga/Cab_F2,56.57177011,59.79,1.55,0.29,28_1_21,DB,27349,0
KC319,Kaga/Cab_F2,56.70609195,58.15,0.75,0.14,29_1_21,DB,26193,0
KC320,Kaga/Cab_F2,56.0791954,58.97,1.37,0.25,29_1_21,DB,28356,-1
KC321,Kaga/Cab_F2,59.58255172,61.55,0.89,0.16,29_1_21,DB,25030,0
KC322,Kaga/Cab_F2,60.40731034,61.78,0.74,0.14,29_1_21,DB,23361,-1
KC323,Kaga/Cab_F2,57.46551724,59.89,2.08,0.39,29_1_21,DB,27454,0
KC324,Kaga/Cab_F2,54.6628046,57.65,1.49,0.28,29_1_21,DB,23786,0
KC325,Kaga/Cab_F2,57.96482759,61.07,1.58,0.29,29_1_21,DB,21695,0
KC326,Kaga/Cab_F2,61.08050575,63.34,1.65,0.31,29_1_21,DB,27152,0
KC337,Kaga/Cab_F2,55.43163218,57.4,1.02,0.19,30_1_21,DB,28667,0
KC338,Kaga/Cab_F2,57.75395402,61.29,1.84,0.34,30_1_21,DB,30459,0
KC339,Kaga/Cab_F2,52.56652874,57.86,3.15,0.59,30_1_21,DB,28910,0
KC340,Kaga/Cab_F2,62.05957265,61.82,1.6,0.31,30_1_21,DB,23678,0
KC341,Kaga/Cab_F2,52.2014023,55.06,2.03,0.38,30_1_21,DB,24249,0
KC342,Kaga/Cab_F2,58.05756322,62.55,2.3,0.43,30_1_21,DB,24285,-1
KC343,Kaga/Cab_F2,57.85756322,62.3,2.31,0.43,30_1_21,DB,24149,-1
KC344,Kaga/Cab_F2,61.9022069,64.91,1.43,0.27,30_1_21,DB,26097,-1
KC345,Kaga/Cab_F2,62.25344828,67.72,2.86,0.53,30_1_21,DB,25542,0
KC346,Kaga/Cab_F2,53.15406897,57.21,2.18,0.41,30_1_21,DB,29297,0
KC352,Kaga/Cab_F2,56.99786207,60.37,1.73,0.32,31_1_21,DB,23405,-1
KC353,Kaga/Cab_F2,57.75036782,59.01,0.58,0.11,31_1_21,DB,27441,-1
KC354,Kaga/Cab_F2,55.17071264,58.48,1.61,0.3,31_1_21,DB,27209,0
KC355,Kaga/Cab_F2,59.4502069,60.8,0.61,0.11,31_1_21,DB,27855,-1
KC356,Kaga/Cab_F2,62.89257471,59.8,2.9,0.54,31_1_21,DB,27288,0
KC357,Kaga/Cab_F2,54.18507937,59.7,3.06,0.59,31_1_21,DB,29647,0
KC358,Kaga/Cab_F2,52.46117241,60.94,5.28,0.98,31_1_21,DB,#N/A,0
KC359,Kaga/Cab_F2,57.11057471,61.13,2.35,0.44,31_1_21,DB,31275,0
KC360,Kaga/Cab_F2,62.14636782,67.63,3.18,0.59,31_1_21,DB,27196,-1
KC371,Kaga/Cab_F2,59.45082759,61.81,1.44,0.27,1_2_21,DB,24012,0
KC372,Kaga/Cab_F2,56.86664368,59.76,1.41,0.26,1_2_21,DB,30918,0
KC373,Kaga/Cab_F2,59.22613793,62.61,1.73,0.32,1_2_21,DB,31694,0
KC374,Kaga/Cab_F2,59.96848276,62.07,2.25,0.42,1_2_21,DB,23508,-1
KC375,Kaga/Cab_F2,53.72668966,57.75,2.43,0.45,1_2_21,DB,26733,0
KC376,Kaga/Cab_F2,56.80422989,59.82,1.51,0.28,1_2_21,DB,23173,0
KC377,Kaga/Cab_F2,61.79848276,60.36,1.16,0.22,1_2_21,DB,28965,-1
KC378,Kaga/Cab_F2,58.51558621,59.24,1.39,0.26,1_2_21,DB,32546,-1
KC379,Kaga/Cab_F2,53.96816092,57.79,1.99,0.37,1_2_21,DB,21511,-1
KC380,Kaga/Cab_F2,55.47531034,58.12,1.3,0.24,1_2_21,DB,24285,0
KC381,Kaga/Cab_F2,55.46434483,52.52,4.78,0.89,1_2_21,DB,28929,0
KC420,Kaga/Cab_F2,57.86312644,60.58,1.49,0.28,16_2_21,DB,25354,-1
KC421,Kaga/Cab_F2,61.5237931,62.6,0.39,0.07,16_2_21,DB,28115,-1
KC422,Kaga/Cab_F2,63.3042069,62.72,1.25,0.23,16_2_21,DB,24636,-1
KC423,Kaga/Cab_F2,56.16935065,55.95,1.74,0.38,16_2_21,DB,27920,-1
KC424,Kaga/Cab_F2,58.92149425,58.96,0.76,0.14,16_2_21,DB,25651,0
KC425,Kaga/Cab_F2,55.44855172,57.25,1.52,0.28,16_2_21,DB,28960,0
KC426,Kaga/Cab_F2,54.11409195,57.28,1.58,0.29,16_2_21,DB,29342,0
KC427,Kaga/Cab_F2,57.93303448,58.77,0.65,0.12,16_2_21,DB,24755,-1
KC428,Kaga/Cab_F2,57.93698851,59.15,0.78,0.14,16_2_21,DB,23493,-1
KC429,Kaga/Cab_F2,54.98627586,57.13,1.04,0.19,17_2_21,DB,31039,-1
KC430,Kaga/Cab_F2,56.5637931,59.13,1.21,0.22,17_2_21,DB,20435,0
KC431,Kaga/Cab_F2,58.73252874,61.71,1.46,0.27,17_2_21,DB,28255,-1
KC432,Kaga/Cab_F2,57.11972414,60.37,1.66,0.31,17_2_21,DB,27895,0
KC433,Kaga/Cab_F2,59.12314943,61.39,1.04,0.19,17_2_21,DB,26345,0
KC434,Kaga/Cab_F2,58.89590805,60.16,0.63,0.12,17_2_21,DB,27485,-1
KC435,Kaga/Cab_F2,56.64101149,60.04,1.65,0.31,17_2_21,DB,24800,-1
KC436,Kaga/Cab_F2,56.01574713,58.13,0.97,0.18,17_2_21,DB,27464,0
KC456,Kaga/Cab_F2,54.03767816,55.35,0.75,0.14,25_3_21,DB,23962,0
KC457,Kaga/Cab_F2,54.18871264,58.03,1.98,0.37,25_3_21,DB,28408,-1
KC458,Kaga/Cab_F2,57.43232184,62.54,2.69,0.5,25_3_21,DB,21157,0
KC459,Kaga/Cab_F2,62.41494253,63.61,0.69,0.13,25_3_21,DB,23064,0
KC460,Kaga/Cab_F2,56.55809195,58.99,1.81,0.34,25_3_21,DB,25197,-1
KC461,Kaga/Cab_F2,54.65381609,58.2,1.94,0.36,25_3_21,DB,26677,-1
KC462,Kaga/Cab_F2,56.43188506,58.54,1.08,0.2,25_3_21,DB,27533,-1
KC463,Kaga/Cab_F2,55.43441379,56.99,0.69,0.13,25_3_21,DB,28517,0
KC464,Kaga/Cab_F2,56.40091954,55.92,0.85,0.16,25_3_21,DB,24216,-1
KC465,Kaga/Cab_F2,59.15949425,63.38,2.18,0.41,25_3_21,DB,#N/A,0
KC466,Kaga/Cab_F2,53.55636782,56.84,1.69,0.31,30_3_21,DB,23868,0
KC467,Kaga/Cab_F2,54.07427586,56.65,1.25,0.23,30_3_21,DB,24848,0
KC468,Kaga/Cab_F2,51.87685057,55.17,2.04,0.38,30_3_21,DB,31252,0
KC469,Kaga/Cab_F2,55.76921053,59.59,1.89,0.43,30_3_21,DB,#N/A,0
KC470,Kaga/Cab_F2,54.46218391,56.87,1.09,0.2,30_3_21,DB,24358,0
KC471,Kaga/Cab_F2,57.23036782,59.55,1.18,0.22,30_3_21,DB,30409,0
KC472,Kaga/Cab_F2,59.29252874,60.65,0.78,0.15,30_3_21,DB,25620,0
KC473,Kaga/Cab_F2,57.26032184,59.63,1.1,0.2,30_3_21,DB,21704,0
KC474,Kaga/Cab_F2,56.82609195,59.89,1.48,0.28,30_3_21,DB,26438,0
KC475,Kaga/Cab_F2,56.35282759,60.03,1.85,0.34,30_3_21,DB,21951,0
KC476,Kaga/Cab_F2,59.93022989,61.27,2.16,0.4,1_4_21,DB,#N/A,-1
KC477,Kaga/Cab_F2,54.98871264,57.61,1.3,0.24,1_4_21,DB,#N/A,-1
KC478,Kaga/Cab_F2,58.81468966,62.46,1.83,0.34,1_4_21,DB,#N/A,-1
KC479,Kaga/Cab_F2,50.10554023,60.42,5.66,1.05,1_4_21,DB,18233,-1
KC480,Kaga/Cab_F2,55.19057471,56.64,0.86,0.16,5_4_21,DB,22104,0
KC481,Kaga/Cab_F2,56.3717931,58.44,0.97,0.18,5_4_21,DB,20090,0
KC482,Kaga/Cab_F2,54.65790805,57.62,1.43,0.27,5_4_21,DB,20348,0
KC484,Kaga/Cab_F2,53.27032184,58.07,2.77,0.51,5_4_21,DB,21180,-1
KC485,Kaga/Cab_F2,54.50165517,57.7,1.54,0.29,5_4_21,DB,22302,-1
KC486,Kaga/Cab_F2,55.70310345,55.53,1.08,0.2,5_4_21,DB,22300,0
KC487,Kaga/Cab_F2,60.17216092,61.67,1.55,0.29,5_4_21,DB,23156,-1
KC496,Kaga/Cab_F2,61.49618391,61.83,1.02,0.19,7_4_21,DB,25101,-1
KC497,Kaga/Cab_F2,66.75691954,65.9,0.96,0.18,7_4_21,DB,22951,-1
KC498,Kaga/Cab_F2,56.71944828,58.65,0.85,0.16,7_4_21,DB,25180,0
KC499,Kaga/Cab_F2,56.71218391,59.67,1.52,0.28,7_4_21,DB,25415,-1
KC500,Kaga/Cab_F2,60.36597701,63.37,1.61,0.3,7_4_21,DB,23347,-1
KC501,Kaga/Cab_F2,59.94767816,61.27,3.31,0.62,7_4_21,DB,19669,-1
KC502,Kaga/Cab_F2,52.59156322,57.08,2.47,0.46,7_4_21,DB,26300,-1
KC503,Kaga/Cab_F2,55.18124138,58.04,1.42,0.26,7_4_21,DB,17534,0
KC504,Kaga/Cab_F2,60.56770115,64.43,1.91,0.36,7_4_21,DB,18166,0
KC515,Kaga/Cab_F2,60.91064368,59.65,1.24,0.23,14_4_21,DB,29829,0
KC516,Kaga/Cab_F2,63.52308046,67.53,2.09,0.39,14_4_21,DB,21185,0
KC517,Kaga/Cab_F2,56.82689655,59.89,1.47,0.27,14_4_21,DB,24594,0
KC518,Kaga/Cab_F2,56.35372414,60.18,1.94,0.36,14_4_21,DB,28657,0
KC519,Kaga/Cab_F2,55.10365517,59.58,2.29,0.43,14_4_21,DB,28596,0
KC520,Kaga/Cab_F2,61.64137931,66.47,2.54,0.47,14_4_21,DB,23968,0
KC521,Kaga/Cab_F2,55.16933333,57.28,0.94,0.18,17_4_21,DB,26129,0
KC522,Kaga/Cab_F2,51.05478161,55.35,2.61,0.49,17_4_21,DB,22719,-1
KC523,Kaga/Cab_F2,55.04380952,56.25,0.62,0.12,17_4_21,DB,29258,0
KC524,Kaga/Cab_F2,54.26942529,56.57,1.03,0.19,18_4_21,DB,25731,0
KC525,Kaga/Cab_F2,58.25783908,61.87,1.79,0.33,18_4_21,DB,27353,0
KC526,Kaga/Cab_F2,58.25494253,58.43,0.6,0.11,18_4_21,DB,21890,-1
KC527,Kaga/Cab_F2,57.63770115,58.8,0.4,0.07,18_4_21,DB,21781,0
KC528,Kaga/Cab_F2,61.34163218,61.81,0.47,0.09,18_4_21,DB,22951,0
KC529,Kaga/Cab_F2,56.4237931,59.18,1.55,0.29,18_4_21,DB,19238,0
KC530,Kaga/Cab_F2,56.03609195,59.81,1.95,0.36,18_4_21,DB,28251,0
KC531,Kaga/Cab_F2,63.72494253,62.71,1.06,0.2,18_4_21,DB,21593,-1
KC566,Kaga/Cab_F2,57.55947126,59.59,0.9,0.17,15_7_21,DB,21777,0
KC567,Kaga/Cab_F2,60.81542529,63.99,1.54,0.29,15_7_21,DB,22970,-1
KC569,Kaga/Cab_F2,59.16609231,60.51,0.69,0.14,15_7_21,DB,21635,-1
KC570,Kaga/Cab_F2,63.8602069,66.75,1.39,0.26,15_7_21,DB,19293,0
KC571,Kaga/Cab_F2,62.55174713,63.69,0.4,0.07,15_7_21,DB,23483,-1
KC572,Kaga/Cab_F2,60.14022989,61.11,0.52,0.1,15_7_21,DB,21281,0
KC573,Kaga/Cab_F2,60.76643678,62.7,0.86,0.16,15_7_21,DB,24977,-1
KC574,Kaga/Cab_F2,57.61064368,60.69,1.66,0.31,15_7_21,DB,23996,-1
KC575,Kaga/Cab_F2,54.79850575,58.72,1.96,0.36,15_7_21,DB,22225,0
KC583,Kaga/Cab_F2,56.08222989,59,1.38,0.26,16_7_21,DB,22141,0
KC584,Kaga/Cab_F2,58.84448276,60.3,0.91,0.17,16_7_21,DB,23115,0
KC585,Kaga/Cab_F2,57.35236782,58.73,2.05,0.38,16_7_21,DB,21446,-1
KC587,Kaga/Cab_F2,56.3888046,61.61,2.83,0.53,16_7_21,DB,20950,-1
KC588,Kaga/Cab_F2,59.75034483,61.55,0.79,0.15,16_7_21,DB,23805,-1
KC589,Kaga/Cab_F2,55.7271954,58.28,1.2,0.22,16_7_21,DB,23770,0
KC590,Kaga/Cab_F2,58.9997931,60.32,0.54,0.1,16_7_21,DB,21363,-1
KC591,Kaga/Cab_F2,55.97542529,57.38,1.51,0.28,16_7_21,DB,25337,-1
KC601,Kaga/Cab_F2,53.94126984,61.06,4.04,0.78,21_7_21,DB,23975,0
KC602,Kaga/Cab_F2,53.90248276,59.5,2.95,0.55,21_7_21,DB,22093,-1
KC603,Kaga/Cab_F2,54.04264368,58.53,2.83,0.53,21_7_21,DB,21831,-1
KC604,Kaga/Cab_F2,54.79806897,59.65,2.74,0.51,21_7_21,DB,28377,-1
KC605,Kaga/Cab_F2,59.24708046,64.77,2.88,0.54,21_7_21,DB,24450,-1
KC606,Kaga/Cab_F2,56.18834483,60.55,2.28,0.42,21_7_21,DB,25963,0
KC607,Kaga/Cab_F2,57.71990805,61.16,1.71,0.32,21_7_21,DB,21375,0
KC608,Kaga/Cab_F2,59.48110345,59.35,1.37,0.25,21_7_21,DB,29953,-1
KC609,Kaga/Cab_F2,60.39521839,64.55,2.18,0.4,21_7_21,DB,27497,-1
KC610,Kaga/Cab_F2,66.84862069,65.81,0.95,0.18,22_7_21,DB,23043,-1
KC611,Kaga/Cab_F2,61.2882069,62.6,0.59,0.11,22_7_21,DB,24776,0
KC612,Kaga/Cab_F2,59.98609195,62.02,1.1,0.2,22_7_21,DB,19630,-1
KC614,Kaga/Cab_F2,61.61464368,63.85,1.03,0.19,22_7_21,DB,25293,-1
KC615,Kaga/Cab_F2,59.83668966,60.85,0.76,0.14,22_7_21,DB,25009,-1
KC616,Kaga/Cab_F2,60.6162069,63.43,1.36,0.25,22_7_21,DB,26122,-1
KC617,Kaga/Cab_F2,58.9074023,59.76,0.41,0.08,22_7_21,DB,22665,-1
KC618,Kaga/Cab_F2,61.08117241,61.57,0.39,0.07,22_7_21,DB,22886,-1
KC619,Kaga/Cab_F2,61.3377931,61.87,0.57,0.11,22_7_21,DB,22792,-1
KC620,Kaga/Cab_F2,63.93649231,61.59,1.67,0.33,23_8_21,DB,25182,-1
KC621,Kaga/Cab_F2,55.7,64.79,5.26,0.99,23_8_21,DB,25337,-1
KC622,Kaga/Cab_F2,60.84852874,62.18,0.6,0.11,23_8_21,DB,23588,0
KC623,Kaga/Cab_F2,57.11855172,61.1,1.99,0.37,23_8_21,DB,22053,-1
KC624,Kaga/Cab_F2,58.08666667,61.08,1.56,0.29,23_8_21,DB,23104,-1
KC625,Kaga/Cab_F2,54.8611954,57.81,1.44,0.27,23_8_21,DB,22476,-1
KC626,Kaga/Cab_F2,57.84931034,58.55,0.32,0.06,23_8_21,DB,23027,0
KC627,Kaga/Cab_F2,60.58349425,59.91,1.88,0.35,23_8_21,DB,22028,-1
KC628,Kaga/Cab_F2,55.85004598,58.38,1.18,0.22,23_8_21,DB,25932,0
KC629,Kaga/Cab_F2,62.48671264,64.97,1.18,0.22,23_8_21,DB,26242,0
KC640,Kaga/Cab_F2,58.56710345,60.14,1.25,0.23,28_8_21,DB,25379,-1
KC641,Kaga/Cab_F2,57.91491954,61.86,2.13,0.4,28_8_21,DB,24350,0
KC642,Kaga/Cab_F2,56.8091954,59.95,1.88,0.35,28_8_21,DB,24530,0
KC643,Kaga/Cab_F2,57.48013793,60.74,1.57,0.29,28_8_21,DB,24921,0
KC644,Kaga/Cab_F2,56.9363908,61.67,2.48,0.46,28_8_21,DB,25356,-1
KC645,Kaga/Cab_F2,56.58098851,58.69,1.03,0.19,28_8_21,DB,24077,-1
KC647,Kaga/Cab_F2,57.66285057,60.39,1.27,0.24,28_8_21,DB,25099,-1
KC648,Kaga/Cab_F2,59.56489655,65.17,3,0.56,28_8_21,DB,25884,0
